sample_id,dataset_id,domain,difficulty,reasoning_style,prompt,context,observation,problem_identification,research_gap,primary_hypothesis,alternative_hypothesis,expected_results,scientific_conclusion
bm-agricu-eas-001-f0d3,dataset-genome-benchmark-v1.0,Agriculture,Easy,Positive Result,"Investigate Crop Drought Tolerance mechanisms in Agriculture (Easy complexity, Positive Result style).",Semi-arid agricultural basin undergoing severe summer precipitation deficits.,High-precision measurements of Sorghum bicolor & Zea mays hybrids demonstrate a statistically significant 3.8-fold shift in response.,Unclear causal pathway governing Crop Drought Tolerance under varying experimental conditions.,Lack of high-resolution quantitative tracking for Proline accumulation & ABA signaling trans-factors.,Targeted activation of Proline accumulation & ABA signaling trans-factors governs Crop Drought Tolerance.,Observed variations in Crop Drought Tolerance are driven by alternative metabolic or environmental feedback loops.,Primary hypothesis supported; key evaluation metrics show > 3.5-fold improvement.,Target mechanism confirmed as the primary driver of observed empirical phenomena.
bm-agricu-med-002-46e7,dataset-genome-benchmark-v1.0,Agriculture,Medium,Negative Result,"Investigate Soil Microbiome Nitrogen Fixation mechanisms in Agriculture (Medium complexity, Negative Result style).",Organic legumes rotated in nitrogen-depleted clay loam agricultural plots.,Empirical testing revealed no significant shift in Rhizobium leguminosarum & Cicer arietinum response under target treatment (p = 0.42).,Unclear causal pathway governing Soil Microbiome Nitrogen Fixation under varying experimental conditions.,Lack of high-resolution quantitative tracking for NifH gene copy abundance & nitrogenase enzyme activity.,Targeted activation of NifH gene copy abundance & nitrogenase enzyme activity governs Soil Microbiome Nitrogen Fixation.,Observed variations in Soil Microbiome Nitrogen Fixation are driven by alternative metabolic or environmental feedback loops.,Primary hypothesis disproved; treatment effect remains within null control bounds (Delta < 0.05).,"Rigorous testing confirms a null relationship, refuting earlier uncalibrated models."
bm-agricu-har-003-6a2e,dataset-genome-benchmark-v1.0,Agriculture,Hard,Ambiguous Result,"Investigate Pest Resistance Epigenetics mechanisms in Agriculture (Hard complexity, Ambiguous Result style).",Commercial cotton cultivars exposed to multi-generational bollworm pressure.,"Assay results for Gossypium hirsutum & Helicoverpa zea yielded high variance across replicates (95% CI [-0.12, 0.48]).",Unclear causal pathway governing Pest Resistance Epigenetics under varying experimental conditions.,Lack of high-resolution quantitative tracking for DNA methylation patterns at Bt toxin receptor loci.,Targeted activation of DNA methylation patterns at Bt toxin receptor loci governs Pest Resistance Epigenetics.,Observed variations in Pest Resistance Epigenetics are driven by alternative metabolic or environmental feedback loops.,Inconclusive trend observed; secondary power analysis indicates need for 4x larger sample cohort.,"Evidence remains inconclusive, highlighting critical measurement noise and confounding factors."
bm-agricu-exp-004-bbca,dataset-genome-benchmark-v1.0,Agriculture,Expert,Conflicting Literature,"Investigate Salinity Ion Exclusion mechanisms in Agriculture (Expert complexity, Conflicting Literature style).",Soil salinity levels increased by 3.2 dS/m in irrigated agricultural basins.,High-precision measurements of Halophytic maize & Arabidopsis thaliana demonstrate a statistically significant 3.8-fold shift in response.,Unclear causal pathway governing Salinity Ion Exclusion under varying experimental conditions.,Lack of high-resolution quantitative tracking for HKT1;5 transporter expression & Na+/K+ selectivity.,Targeted activation of HKT1;5 transporter expression & Na+/K+ selectivity governs Salinity Ion Exclusion.,Observed variations in Salinity Ion Exclusion are driven by alternative metabolic or environmental feedback loops.,Primary hypothesis supported; key evaluation metrics show > 3.5-fold improvement.,Target mechanism confirmed as the primary driver of observed empirical phenomena.
bm-agricu-eas-005-006a,dataset-genome-benchmark-v1.0,Agriculture,Easy,Failed Experiment,"Investigate Crop Drought Tolerance mechanisms in Agriculture (Easy complexity, Failed Experiment style).",Semi-arid agricultural basin undergoing severe summer precipitation deficits.,Severe measurement artifact detected due to calibration drift during Crop Drought Tolerance assay execution.,Unclear causal pathway governing Crop Drought Tolerance under varying experimental conditions.,Lack of high-resolution quantitative tracking for Proline accumulation & ABA signaling trans-factors.,Targeted activation of Proline accumulation & ABA signaling trans-factors governs Crop Drought Tolerance.,Observed variations in Crop Drought Tolerance are driven by alternative metabolic or environmental feedback loops.,Experimental trial invalidated by thermal control breakdown at t=24h.,"Trial failed due to physical measurement artifacts, mandating revised experimental protocols."
bm-agricu-med-006-bc41,dataset-genome-benchmark-v1.0,Agriculture,Medium,Replication Study,"Investigate Soil Microbiome Nitrogen Fixation mechanisms in Agriculture (Medium complexity, Replication Study style).",Organic legumes rotated in nitrogen-depleted clay loam agricultural plots.,Replication trial evaluated original landmark findings for Soil Microbiome Nitrogen Fixation in Rhizobium leguminosarum & Cicer arietinum under revised controls.,Unclear causal pathway governing Soil Microbiome Nitrogen Fixation under varying experimental conditions.,Lack of high-resolution quantitative tracking for NifH gene copy abundance & nitrogenase enzyme activity.,Targeted activation of NifH gene copy abundance & nitrogenase enzyme activity governs Soil Microbiome Nitrogen Fixation.,Observed variations in Soil Microbiome Nitrogen Fixation are driven by alternative metabolic or environmental feedback loops.,"Landmark effect reproduced with high fidelity (R² = 0.94, p < 0.001).",Replication confirms robust generalizability of the original scientific phenomenon.
bm-agricu-har-007-debe,dataset-genome-benchmark-v1.0,Agriculture,Hard,Unexpected Observation,"Investigate Pest Resistance Epigenetics mechanisms in Agriculture (Hard complexity, Unexpected Observation style).",Commercial cotton cultivars exposed to multi-generational bollworm pressure.,Unpredicted secondary peak observed in Gossypium hirsutum & Helicoverpa zea transcriptomic expression during Pest Resistance Epigenetics exposure.,Unclear causal pathway governing Pest Resistance Epigenetics under varying experimental conditions.,Lack of high-resolution quantitative tracking for DNA methylation patterns at Bt toxin receptor loci.,Targeted activation of DNA methylation patterns at Bt toxin receptor loci governs Pest Resistance Epigenetics.,Observed variations in Pest Resistance Epigenetics are driven by alternative metabolic or environmental feedback loops.,"Primary hypothesis partially supported, but an unexpected alternative pathway emerged.",Discovery of an unpredicted anomalous mechanism challenges prevailing domain models.
bm-agricu-exp-008-eb89,dataset-genome-benchmark-v1.0,Agriculture,Expert,Positive Result,"Investigate Salinity Ion Exclusion mechanisms in Agriculture (Expert complexity, Positive Result style).",Soil salinity levels increased by 3.2 dS/m in irrigated agricultural basins.,High-precision measurements of Halophytic maize & Arabidopsis thaliana demonstrate a statistically significant 3.8-fold shift in response.,Unclear causal pathway governing Salinity Ion Exclusion under varying experimental conditions.,Lack of high-resolution quantitative tracking for HKT1;5 transporter expression & Na+/K+ selectivity.,Targeted activation of HKT1;5 transporter expression & Na+/K+ selectivity governs Salinity Ion Exclusion.,Observed variations in Salinity Ion Exclusion are driven by alternative metabolic or environmental feedback loops.,Primary hypothesis supported; key evaluation metrics show > 3.5-fold improvement.,Target mechanism confirmed as the primary driver of observed empirical phenomena.
bm-agricu-eas-009-a4e4,dataset-genome-benchmark-v1.0,Agriculture,Easy,Negative Result,"Investigate Crop Drought Tolerance mechanisms in Agriculture (Easy complexity, Negative Result style).",Semi-arid agricultural basin undergoing severe summer precipitation deficits.,Empirical testing revealed no significant shift in Sorghum bicolor & Zea mays hybrids response under target treatment (p = 0.42).,Unclear causal pathway governing Crop Drought Tolerance under varying experimental conditions.,Lack of high-resolution quantitative tracking for Proline accumulation & ABA signaling trans-factors.,Targeted activation of Proline accumulation & ABA signaling trans-factors governs Crop Drought Tolerance.,Observed variations in Crop Drought Tolerance are driven by alternative metabolic or environmental feedback loops.,Primary hypothesis disproved; treatment effect remains within null control bounds (Delta < 0.05).,"Rigorous testing confirms a null relationship, refuting earlier uncalibrated models."
bm-agricu-med-010-3fce,dataset-genome-benchmark-v1.0,Agriculture,Medium,Ambiguous Result,"Investigate Soil Microbiome Nitrogen Fixation mechanisms in Agriculture (Medium complexity, Ambiguous Result style).",Organic legumes rotated in nitrogen-depleted clay loam agricultural plots.,"Assay results for Rhizobium leguminosarum & Cicer arietinum yielded high variance across replicates (95% CI [-0.12, 0.48]).",Unclear causal pathway governing Soil Microbiome Nitrogen Fixation under varying experimental conditions.,Lack of high-resolution quantitative tracking for NifH gene copy abundance & nitrogenase enzyme activity.,Targeted activation of NifH gene copy abundance & nitrogenase enzyme activity governs Soil Microbiome Nitrogen Fixation.,Observed variations in Soil Microbiome Nitrogen Fixation are driven by alternative metabolic or environmental feedback loops.,Inconclusive trend observed; secondary power analysis indicates need for 4x larger sample cohort.,"Evidence remains inconclusive, highlighting critical measurement noise and confounding factors."
bm-agricu-har-011-2d87,dataset-genome-benchmark-v1.0,Agriculture,Hard,Conflicting Literature,"Investigate Pest Resistance Epigenetics mechanisms in Agriculture (Hard complexity, Conflicting Literature style).",Commercial cotton cultivars exposed to multi-generational bollworm pressure.,High-precision measurements of Gossypium hirsutum & Helicoverpa zea demonstrate a statistically significant 3.8-fold shift in response.,Unclear causal pathway governing Pest Resistance Epigenetics under varying experimental conditions.,Lack of high-resolution quantitative tracking for DNA methylation patterns at Bt toxin receptor loci.,Targeted activation of DNA methylation patterns at Bt toxin receptor loci governs Pest Resistance Epigenetics.,Observed variations in Pest Resistance Epigenetics are driven by alternative metabolic or environmental feedback loops.,Primary hypothesis supported; key evaluation metrics show > 3.5-fold improvement.,Target mechanism confirmed as the primary driver of observed empirical phenomena.
bm-agricu-exp-012-567a,dataset-genome-benchmark-v1.0,Agriculture,Expert,Failed Experiment,"Investigate Salinity Ion Exclusion mechanisms in Agriculture (Expert complexity, Failed Experiment style).",Soil salinity levels increased by 3.2 dS/m in irrigated agricultural basins.,Severe measurement artifact detected due to calibration drift during Salinity Ion Exclusion assay execution.,Unclear causal pathway governing Salinity Ion Exclusion under varying experimental conditions.,Lack of high-resolution quantitative tracking for HKT1;5 transporter expression & Na+/K+ selectivity.,Targeted activation of HKT1;5 transporter expression & Na+/K+ selectivity governs Salinity Ion Exclusion.,Observed variations in Salinity Ion Exclusion are driven by alternative metabolic or environmental feedback loops.,Experimental trial invalidated by thermal control breakdown at t=24h.,"Trial failed due to physical measurement artifacts, mandating revised experimental protocols."
bm-agricu-eas-013-066c,dataset-genome-benchmark-v1.0,Agriculture,Easy,Replication Study,"Investigate Crop Drought Tolerance mechanisms in Agriculture (Easy complexity, Replication Study style).",Semi-arid agricultural basin undergoing severe summer precipitation deficits.,Replication trial evaluated original landmark findings for Crop Drought Tolerance in Sorghum bicolor & Zea mays hybrids under revised controls.,Unclear causal pathway governing Crop Drought Tolerance under varying experimental conditions.,Lack of high-resolution quantitative tracking for Proline accumulation & ABA signaling trans-factors.,Targeted activation of Proline accumulation & ABA signaling trans-factors governs Crop Drought Tolerance.,Observed variations in Crop Drought Tolerance are driven by alternative metabolic or environmental feedback loops.,"Landmark effect reproduced with high fidelity (R² = 0.94, p < 0.001).",Replication confirms robust generalizability of the original scientific phenomenon.
bm-agricu-med-014-c070,dataset-genome-benchmark-v1.0,Agriculture,Medium,Unexpected Observation,"Investigate Soil Microbiome Nitrogen Fixation mechanisms in Agriculture (Medium complexity, Unexpected Observation style).",Organic legumes rotated in nitrogen-depleted clay loam agricultural plots.,Unpredicted secondary peak observed in Rhizobium leguminosarum & Cicer arietinum transcriptomic expression during Soil Microbiome Nitrogen Fixation exposure.,Unclear causal pathway governing Soil Microbiome Nitrogen Fixation under varying experimental conditions.,Lack of high-resolution quantitative tracking for NifH gene copy abundance & nitrogenase enzyme activity.,Targeted activation of NifH gene copy abundance & nitrogenase enzyme activity governs Soil Microbiome Nitrogen Fixation.,Observed variations in Soil Microbiome Nitrogen Fixation are driven by alternative metabolic or environmental feedback loops.,"Primary hypothesis partially supported, but an unexpected alternative pathway emerged.",Discovery of an unpredicted anomalous mechanism challenges prevailing domain models.
bm-agricu-har-015-8c92,dataset-genome-benchmark-v1.0,Agriculture,Hard,Positive Result,"Investigate Pest Resistance Epigenetics mechanisms in Agriculture (Hard complexity, Positive Result style).",Commercial cotton cultivars exposed to multi-generational bollworm pressure.,High-precision measurements of Gossypium hirsutum & Helicoverpa zea demonstrate a statistically significant 3.8-fold shift in response.,Unclear causal pathway governing Pest Resistance Epigenetics under varying experimental conditions.,Lack of high-resolution quantitative tracking for DNA methylation patterns at Bt toxin receptor loci.,Targeted activation of DNA methylation patterns at Bt toxin receptor loci governs Pest Resistance Epigenetics.,Observed variations in Pest Resistance Epigenetics are driven by alternative metabolic or environmental feedback loops.,Primary hypothesis supported; key evaluation metrics show > 3.5-fold improvement.,Target mechanism confirmed as the primary driver of observed empirical phenomena.
bm-agricu-exp-016-db51,dataset-genome-benchmark-v1.0,Agriculture,Expert,Negative Result,"Investigate Salinity Ion Exclusion mechanisms in Agriculture (Expert complexity, Negative Result style).",Soil salinity levels increased by 3.2 dS/m in irrigated agricultural basins.,Empirical testing revealed no significant shift in Halophytic maize & Arabidopsis thaliana response under target treatment (p = 0.42).,Unclear causal pathway governing Salinity Ion Exclusion under varying experimental conditions.,Lack of high-resolution quantitative tracking for HKT1;5 transporter expression & Na+/K+ selectivity.,Targeted activation of HKT1;5 transporter expression & Na+/K+ selectivity governs Salinity Ion Exclusion.,Observed variations in Salinity Ion Exclusion are driven by alternative metabolic or environmental feedback loops.,Primary hypothesis disproved; treatment effect remains within null control bounds (Delta < 0.05).,"Rigorous testing confirms a null relationship, refuting earlier uncalibrated models."
bm-agricu-eas-017-29a9,dataset-genome-benchmark-v1.0,Agriculture,Easy,Ambiguous Result,"Investigate Crop Drought Tolerance mechanisms in Agriculture (Easy complexity, Ambiguous Result style).",Semi-arid agricultural basin undergoing severe summer precipitation deficits.,"Assay results for Sorghum bicolor & Zea mays hybrids yielded high variance across replicates (95% CI [-0.12, 0.48]).",Unclear causal pathway governing Crop Drought Tolerance under varying experimental conditions.,Lack of high-resolution quantitative tracking for Proline accumulation & ABA signaling trans-factors.,Targeted activation of Proline accumulation & ABA signaling trans-factors governs Crop Drought Tolerance.,Observed variations in Crop Drought Tolerance are driven by alternative metabolic or environmental feedback loops.,Inconclusive trend observed; secondary power analysis indicates need for 4x larger sample cohort.,"Evidence remains inconclusive, highlighting critical measurement noise and confounding factors."
bm-agricu-med-018-94e3,dataset-genome-benchmark-v1.0,Agriculture,Medium,Conflicting Literature,"Investigate Soil Microbiome Nitrogen Fixation mechanisms in Agriculture (Medium complexity, Conflicting Literature style).",Organic legumes rotated in nitrogen-depleted clay loam agricultural plots.,High-precision measurements of Rhizobium leguminosarum & Cicer arietinum demonstrate a statistically significant 3.8-fold shift in response.,Unclear causal pathway governing Soil Microbiome Nitrogen Fixation under varying experimental conditions.,Lack of high-resolution quantitative tracking for NifH gene copy abundance & nitrogenase enzyme activity.,Targeted activation of NifH gene copy abundance & nitrogenase enzyme activity governs Soil Microbiome Nitrogen Fixation.,Observed variations in Soil Microbiome Nitrogen Fixation are driven by alternative metabolic or environmental feedback loops.,Primary hypothesis supported; key evaluation metrics show > 3.5-fold improvement.,Target mechanism confirmed as the primary driver of observed empirical phenomena.
bm-agricu-har-019-7306,dataset-genome-benchmark-v1.0,Agriculture,Hard,Failed Experiment,"Investigate Pest Resistance Epigenetics mechanisms in Agriculture (Hard complexity, Failed Experiment style).",Commercial cotton cultivars exposed to multi-generational bollworm pressure.,Severe measurement artifact detected due to calibration drift during Pest Resistance Epigenetics assay execution.,Unclear causal pathway governing Pest Resistance Epigenetics under varying experimental conditions.,Lack of high-resolution quantitative tracking for DNA methylation patterns at Bt toxin receptor loci.,Targeted activation of DNA methylation patterns at Bt toxin receptor loci governs Pest Resistance Epigenetics.,Observed variations in Pest Resistance Epigenetics are driven by alternative metabolic or environmental feedback loops.,Experimental trial invalidated by thermal control breakdown at t=24h.,"Trial failed due to physical measurement artifacts, mandating revised experimental protocols."
bm-agricu-exp-020-9be0,dataset-genome-benchmark-v1.0,Agriculture,Expert,Replication Study,"Investigate Salinity Ion Exclusion mechanisms in Agriculture (Expert complexity, Replication Study style).",Soil salinity levels increased by 3.2 dS/m in irrigated agricultural basins.,Replication trial evaluated original landmark findings for Salinity Ion Exclusion in Halophytic maize & Arabidopsis thaliana under revised controls.,Unclear causal pathway governing Salinity Ion Exclusion under varying experimental conditions.,Lack of high-resolution quantitative tracking for HKT1;5 transporter expression & Na+/K+ selectivity.,Targeted activation of HKT1;5 transporter expression & Na+/K+ selectivity governs Salinity Ion Exclusion.,Observed variations in Salinity Ion Exclusion are driven by alternative metabolic or environmental feedback loops.,"Landmark effect reproduced with high fidelity (R² = 0.94, p < 0.001).",Replication confirms robust generalizability of the original scientific phenomenon.
bm-health-eas-001-c526,dataset-genome-benchmark-v1.0,Healthcare,Easy,Unexpected Observation,"Investigate Oncology Targeted Immunotherapy mechanisms in Healthcare (Easy complexity, Unexpected Observation style).",Phase III clinical trial for metastatic non-small cell lung carcinoma (NSCLC).,Unpredicted secondary peak observed in Homo sapiens patient tumor biopsy cohort transcriptomic expression during Oncology Targeted Immunotherapy exposure.,Unclear causal pathway governing Oncology Targeted Immunotherapy under varying experimental conditions.,Lack of high-resolution quantitative tracking for PD-L1 tumor proportion score & CD8+ T-cell infiltration.,Targeted activation of PD-L1 tumor proportion score & CD8+ T-cell infiltration governs Oncology Targeted Immunotherapy.,Observed variations in Oncology Targeted Immunotherapy are driven by alternative metabolic or environmental feedback loops.,"Primary hypothesis partially supported, but an unexpected alternative pathway emerged.",Discovery of an unpredicted anomalous mechanism challenges prevailing domain models.
bm-health-med-002-6b78,dataset-genome-benchmark-v1.0,Healthcare,Medium,Positive Result,"Investigate Cardiovascular Atherosclerosis Plaque Dynamics mechanisms in Healthcare (Medium complexity, Positive Result style).",High-risk coronary artery disease cohort monitored via intravascular ultrasound.,High-precision measurements of Human arterial endothelium & ApoE-/- murine models demonstrate a statistically significant 3.8-fold shift in response.,Unclear causal pathway governing Cardiovascular Atherosclerosis Plaque Dynamics under varying experimental conditions.,Lack of high-resolution quantitative tracking for Circulating oxidized LDL & hs-CRP inflammation index.,Targeted activation of Circulating oxidized LDL & hs-CRP inflammation index governs Cardiovascular Atherosclerosis Plaque Dynamics.,Observed variations in Cardiovascular Atherosclerosis Plaque Dynamics are driven by alternative metabolic or environmental feedback loops.,Primary hypothesis supported; key evaluation metrics show > 3.5-fold improvement.,Target mechanism confirmed as the primary driver of observed empirical phenomena.
bm-health-har-003-4ef4,dataset-genome-benchmark-v1.0,Healthcare,Hard,Negative Result,"Investigate Neurodegenerative Tauopathy Kinetics mechanisms in Healthcare (Hard complexity, Negative Result style).",Longitudinal cohort tracking early-stage Alzheimer's disease progression.,Empirical testing revealed no significant shift in Human CSF and transgenic amyloid/tau tauopathy models response under target treatment (p = 0.42).,Unclear causal pathway governing Neurodegenerative Tauopathy Kinetics under varying experimental conditions.,Lack of high-resolution quantitative tracking for CSF phosphorylated-tau 181 & neurofilament light chain (NfL).,Targeted activation of CSF phosphorylated-tau 181 & neurofilament light chain (NfL) governs Neurodegenerative Tauopathy Kinetics.,Observed variations in Neurodegenerative Tauopathy Kinetics are driven by alternative metabolic or environmental feedback loops.,Primary hypothesis disproved; treatment effect remains within null control bounds (Delta < 0.05).,"Rigorous testing confirms a null relationship, refuting earlier uncalibrated models."
bm-health-exp-004-d90b,dataset-genome-benchmark-v1.0,Healthcare,Expert,Ambiguous Result,"Investigate Metabolic Insulin Resistance Kinetics mechanisms in Healthcare (Expert complexity, Ambiguous Result style).",Phase II clinical cohort tracking glucose tolerance and systemic inflammation markers.,"Assay results for Human skeletal muscle tissue & clinical cohort yielded high variance across replicates (95% CI [-0.12, 0.48]).",Unclear causal pathway governing Metabolic Insulin Resistance Kinetics under varying experimental conditions.,Lack of high-resolution quantitative tracking for Elevated circulating IL-6 & IRS-1 serine phosphorylation.,Targeted activation of Elevated circulating IL-6 & IRS-1 serine phosphorylation governs Metabolic Insulin Resistance Kinetics.,Observed variations in Metabolic Insulin Resistance Kinetics are driven by alternative metabolic or environmental feedback loops.,Inconclusive trend observed; secondary power analysis indicates need for 4x larger sample cohort.,"Evidence remains inconclusive, highlighting critical measurement noise and confounding factors."
bm-health-eas-005-53fb,dataset-genome-benchmark-v1.0,Healthcare,Easy,Conflicting Literature,"Investigate Oncology Targeted Immunotherapy mechanisms in Healthcare (Easy complexity, Conflicting Literature style).",Phase III clinical trial for metastatic non-small cell lung carcinoma (NSCLC).,High-precision measurements of Homo sapiens patient tumor biopsy cohort demonstrate a statistically significant 3.8-fold shift in response.,Unclear causal pathway governing Oncology Targeted Immunotherapy under varying experimental conditions.,Lack of high-resolution quantitative tracking for PD-L1 tumor proportion score & CD8+ T-cell infiltration.,Targeted activation of PD-L1 tumor proportion score & CD8+ T-cell infiltration governs Oncology Targeted Immunotherapy.,Observed variations in Oncology Targeted Immunotherapy are driven by alternative metabolic or environmental feedback loops.,Primary hypothesis supported; key evaluation metrics show > 3.5-fold improvement.,Target mechanism confirmed as the primary driver of observed empirical phenomena.
bm-health-med-006-c5b1,dataset-genome-benchmark-v1.0,Healthcare,Medium,Failed Experiment,"Investigate Cardiovascular Atherosclerosis Plaque Dynamics mechanisms in Healthcare (Medium complexity, Failed Experiment style).",High-risk coronary artery disease cohort monitored via intravascular ultrasound.,Severe measurement artifact detected due to calibration drift during Cardiovascular Atherosclerosis Plaque Dynamics assay execution.,Unclear causal pathway governing Cardiovascular Atherosclerosis Plaque Dynamics under varying experimental conditions.,Lack of high-resolution quantitative tracking for Circulating oxidized LDL & hs-CRP inflammation index.,Targeted activation of Circulating oxidized LDL & hs-CRP inflammation index governs Cardiovascular Atherosclerosis Plaque Dynamics.,Observed variations in Cardiovascular Atherosclerosis Plaque Dynamics are driven by alternative metabolic or environmental feedback loops.,Experimental trial invalidated by thermal control breakdown at t=24h.,"Trial failed due to physical measurement artifacts, mandating revised experimental protocols."
bm-health-har-007-c4d7,dataset-genome-benchmark-v1.0,Healthcare,Hard,Replication Study,"Investigate Neurodegenerative Tauopathy Kinetics mechanisms in Healthcare (Hard complexity, Replication Study style).",Longitudinal cohort tracking early-stage Alzheimer's disease progression.,Replication trial evaluated original landmark findings for Neurodegenerative Tauopathy Kinetics in Human CSF and transgenic amyloid/tau tauopathy models under revised controls.,Unclear causal pathway governing Neurodegenerative Tauopathy Kinetics under varying experimental conditions.,Lack of high-resolution quantitative tracking for CSF phosphorylated-tau 181 & neurofilament light chain (NfL).,Targeted activation of CSF phosphorylated-tau 181 & neurofilament light chain (NfL) governs Neurodegenerative Tauopathy Kinetics.,Observed variations in Neurodegenerative Tauopathy Kinetics are driven by alternative metabolic or environmental feedback loops.,"Landmark effect reproduced with high fidelity (R² = 0.94, p < 0.001).",Replication confirms robust generalizability of the original scientific phenomenon.
bm-health-exp-008-90b8,dataset-genome-benchmark-v1.0,Healthcare,Expert,Unexpected Observation,"Investigate Metabolic Insulin Resistance Kinetics mechanisms in Healthcare (Expert complexity, Unexpected Observation style).",Phase II clinical cohort tracking glucose tolerance and systemic inflammation markers.,Unpredicted secondary peak observed in Human skeletal muscle tissue & clinical cohort transcriptomic expression during Metabolic Insulin Resistance Kinetics exposure.,Unclear causal pathway governing Metabolic Insulin Resistance Kinetics under varying experimental conditions.,Lack of high-resolution quantitative tracking for Elevated circulating IL-6 & IRS-1 serine phosphorylation.,Targeted activation of Elevated circulating IL-6 & IRS-1 serine phosphorylation governs Metabolic Insulin Resistance Kinetics.,Observed variations in Metabolic Insulin Resistance Kinetics are driven by alternative metabolic or environmental feedback loops.,"Primary hypothesis partially supported, but an unexpected alternative pathway emerged.",Discovery of an unpredicted anomalous mechanism challenges prevailing domain models.
bm-health-eas-009-3249,dataset-genome-benchmark-v1.0,Healthcare,Easy,Positive Result,"Investigate Oncology Targeted Immunotherapy mechanisms in Healthcare (Easy complexity, Positive Result style).",Phase III clinical trial for metastatic non-small cell lung carcinoma (NSCLC).,High-precision measurements of Homo sapiens patient tumor biopsy cohort demonstrate a statistically significant 3.8-fold shift in response.,Unclear causal pathway governing Oncology Targeted Immunotherapy under varying experimental conditions.,Lack of high-resolution quantitative tracking for PD-L1 tumor proportion score & CD8+ T-cell infiltration.,Targeted activation of PD-L1 tumor proportion score & CD8+ T-cell infiltration governs Oncology Targeted Immunotherapy.,Observed variations in Oncology Targeted Immunotherapy are driven by alternative metabolic or environmental feedback loops.,Primary hypothesis supported; key evaluation metrics show > 3.5-fold improvement.,Target mechanism confirmed as the primary driver of observed empirical phenomena.
bm-health-med-010-94d6,dataset-genome-benchmark-v1.0,Healthcare,Medium,Negative Result,"Investigate Cardiovascular Atherosclerosis Plaque Dynamics mechanisms in Healthcare (Medium complexity, Negative Result style).",High-risk coronary artery disease cohort monitored via intravascular ultrasound.,Empirical testing revealed no significant shift in Human arterial endothelium & ApoE-/- murine models response under target treatment (p = 0.42).,Unclear causal pathway governing Cardiovascular Atherosclerosis Plaque Dynamics under varying experimental conditions.,Lack of high-resolution quantitative tracking for Circulating oxidized LDL & hs-CRP inflammation index.,Targeted activation of Circulating oxidized LDL & hs-CRP inflammation index governs Cardiovascular Atherosclerosis Plaque Dynamics.,Observed variations in Cardiovascular Atherosclerosis Plaque Dynamics are driven by alternative metabolic or environmental feedback loops.,Primary hypothesis disproved; treatment effect remains within null control bounds (Delta < 0.05).,"Rigorous testing confirms a null relationship, refuting earlier uncalibrated models."
bm-health-har-011-44d8,dataset-genome-benchmark-v1.0,Healthcare,Hard,Ambiguous Result,"Investigate Neurodegenerative Tauopathy Kinetics mechanisms in Healthcare (Hard complexity, Ambiguous Result style).",Longitudinal cohort tracking early-stage Alzheimer's disease progression.,"Assay results for Human CSF and transgenic amyloid/tau tauopathy models yielded high variance across replicates (95% CI [-0.12, 0.48]).",Unclear causal pathway governing Neurodegenerative Tauopathy Kinetics under varying experimental conditions.,Lack of high-resolution quantitative tracking for CSF phosphorylated-tau 181 & neurofilament light chain (NfL).,Targeted activation of CSF phosphorylated-tau 181 & neurofilament light chain (NfL) governs Neurodegenerative Tauopathy Kinetics.,Observed variations in Neurodegenerative Tauopathy Kinetics are driven by alternative metabolic or environmental feedback loops.,Inconclusive trend observed; secondary power analysis indicates need for 4x larger sample cohort.,"Evidence remains inconclusive, highlighting critical measurement noise and confounding factors."
bm-health-exp-012-cef6,dataset-genome-benchmark-v1.0,Healthcare,Expert,Conflicting Literature,"Investigate Metabolic Insulin Resistance Kinetics mechanisms in Healthcare (Expert complexity, Conflicting Literature style).",Phase II clinical cohort tracking glucose tolerance and systemic inflammation markers.,High-precision measurements of Human skeletal muscle tissue & clinical cohort demonstrate a statistically significant 3.8-fold shift in response.,Unclear causal pathway governing Metabolic Insulin Resistance Kinetics under varying experimental conditions.,Lack of high-resolution quantitative tracking for Elevated circulating IL-6 & IRS-1 serine phosphorylation.,Targeted activation of Elevated circulating IL-6 & IRS-1 serine phosphorylation governs Metabolic Insulin Resistance Kinetics.,Observed variations in Metabolic Insulin Resistance Kinetics are driven by alternative metabolic or environmental feedback loops.,Primary hypothesis supported; key evaluation metrics show > 3.5-fold improvement.,Target mechanism confirmed as the primary driver of observed empirical phenomena.
bm-health-eas-013-ea8a,dataset-genome-benchmark-v1.0,Healthcare,Easy,Failed Experiment,"Investigate Oncology Targeted Immunotherapy mechanisms in Healthcare (Easy complexity, Failed Experiment style).",Phase III clinical trial for metastatic non-small cell lung carcinoma (NSCLC).,Severe measurement artifact detected due to calibration drift during Oncology Targeted Immunotherapy assay execution.,Unclear causal pathway governing Oncology Targeted Immunotherapy under varying experimental conditions.,Lack of high-resolution quantitative tracking for PD-L1 tumor proportion score & CD8+ T-cell infiltration.,Targeted activation of PD-L1 tumor proportion score & CD8+ T-cell infiltration governs Oncology Targeted Immunotherapy.,Observed variations in Oncology Targeted Immunotherapy are driven by alternative metabolic or environmental feedback loops.,Experimental trial invalidated by thermal control breakdown at t=24h.,"Trial failed due to physical measurement artifacts, mandating revised experimental protocols."
bm-health-med-014-5fa5,dataset-genome-benchmark-v1.0,Healthcare,Medium,Replication Study,"Investigate Cardiovascular Atherosclerosis Plaque Dynamics mechanisms in Healthcare (Medium complexity, Replication Study style).",High-risk coronary artery disease cohort monitored via intravascular ultrasound.,Replication trial evaluated original landmark findings for Cardiovascular Atherosclerosis Plaque Dynamics in Human arterial endothelium & ApoE-/- murine models under revised controls.,Unclear causal pathway governing Cardiovascular Atherosclerosis Plaque Dynamics under varying experimental conditions.,Lack of high-resolution quantitative tracking for Circulating oxidized LDL & hs-CRP inflammation index.,Targeted activation of Circulating oxidized LDL & hs-CRP inflammation index governs Cardiovascular Atherosclerosis Plaque Dynamics.,Observed variations in Cardiovascular Atherosclerosis Plaque Dynamics are driven by alternative metabolic or environmental feedback loops.,"Landmark effect reproduced with high fidelity (R² = 0.94, p < 0.001).",Replication confirms robust generalizability of the original scientific phenomenon.
bm-health-har-015-c526,dataset-genome-benchmark-v1.0,Healthcare,Hard,Unexpected Observation,"Investigate Neurodegenerative Tauopathy Kinetics mechanisms in Healthcare (Hard complexity, Unexpected Observation style).",Longitudinal cohort tracking early-stage Alzheimer's disease progression.,Unpredicted secondary peak observed in Human CSF and transgenic amyloid/tau tauopathy models transcriptomic expression during Neurodegenerative Tauopathy Kinetics exposure.,Unclear causal pathway governing Neurodegenerative Tauopathy Kinetics under varying experimental conditions.,Lack of high-resolution quantitative tracking for CSF phosphorylated-tau 181 & neurofilament light chain (NfL).,Targeted activation of CSF phosphorylated-tau 181 & neurofilament light chain (NfL) governs Neurodegenerative Tauopathy Kinetics.,Observed variations in Neurodegenerative Tauopathy Kinetics are driven by alternative metabolic or environmental feedback loops.,"Primary hypothesis partially supported, but an unexpected alternative pathway emerged.",Discovery of an unpredicted anomalous mechanism challenges prevailing domain models.
bm-health-exp-016-4308,dataset-genome-benchmark-v1.0,Healthcare,Expert,Positive Result,"Investigate Metabolic Insulin Resistance Kinetics mechanisms in Healthcare (Expert complexity, Positive Result style).",Phase II clinical cohort tracking glucose tolerance and systemic inflammation markers.,High-precision measurements of Human skeletal muscle tissue & clinical cohort demonstrate a statistically significant 3.8-fold shift in response.,Unclear causal pathway governing Metabolic Insulin Resistance Kinetics under varying experimental conditions.,Lack of high-resolution quantitative tracking for Elevated circulating IL-6 & IRS-1 serine phosphorylation.,Targeted activation of Elevated circulating IL-6 & IRS-1 serine phosphorylation governs Metabolic Insulin Resistance Kinetics.,Observed variations in Metabolic Insulin Resistance Kinetics are driven by alternative metabolic or environmental feedback loops.,Primary hypothesis supported; key evaluation metrics show > 3.5-fold improvement.,Target mechanism confirmed as the primary driver of observed empirical phenomena.
bm-health-eas-017-5350,dataset-genome-benchmark-v1.0,Healthcare,Easy,Negative Result,"Investigate Oncology Targeted Immunotherapy mechanisms in Healthcare (Easy complexity, Negative Result style).",Phase III clinical trial for metastatic non-small cell lung carcinoma (NSCLC).,Empirical testing revealed no significant shift in Homo sapiens patient tumor biopsy cohort response under target treatment (p = 0.42).,Unclear causal pathway governing Oncology Targeted Immunotherapy under varying experimental conditions.,Lack of high-resolution quantitative tracking for PD-L1 tumor proportion score & CD8+ T-cell infiltration.,Targeted activation of PD-L1 tumor proportion score & CD8+ T-cell infiltration governs Oncology Targeted Immunotherapy.,Observed variations in Oncology Targeted Immunotherapy are driven by alternative metabolic or environmental feedback loops.,Primary hypothesis disproved; treatment effect remains within null control bounds (Delta < 0.05).,"Rigorous testing confirms a null relationship, refuting earlier uncalibrated models."
bm-health-med-018-7e86,dataset-genome-benchmark-v1.0,Healthcare,Medium,Ambiguous Result,"Investigate Cardiovascular Atherosclerosis Plaque Dynamics mechanisms in Healthcare (Medium complexity, Ambiguous Result style).",High-risk coronary artery disease cohort monitored via intravascular ultrasound.,"Assay results for Human arterial endothelium & ApoE-/- murine models yielded high variance across replicates (95% CI [-0.12, 0.48]).",Unclear causal pathway governing Cardiovascular Atherosclerosis Plaque Dynamics under varying experimental conditions.,Lack of high-resolution quantitative tracking for Circulating oxidized LDL & hs-CRP inflammation index.,Targeted activation of Circulating oxidized LDL & hs-CRP inflammation index governs Cardiovascular Atherosclerosis Plaque Dynamics.,Observed variations in Cardiovascular Atherosclerosis Plaque Dynamics are driven by alternative metabolic or environmental feedback loops.,Inconclusive trend observed; secondary power analysis indicates need for 4x larger sample cohort.,"Evidence remains inconclusive, highlighting critical measurement noise and confounding factors."
bm-health-har-019-2854,dataset-genome-benchmark-v1.0,Healthcare,Hard,Conflicting Literature,"Investigate Neurodegenerative Tauopathy Kinetics mechanisms in Healthcare (Hard complexity, Conflicting Literature style).",Longitudinal cohort tracking early-stage Alzheimer's disease progression.,High-precision measurements of Human CSF and transgenic amyloid/tau tauopathy models demonstrate a statistically significant 3.8-fold shift in response.,Unclear causal pathway governing Neurodegenerative Tauopathy Kinetics under varying experimental conditions.,Lack of high-resolution quantitative tracking for CSF phosphorylated-tau 181 & neurofilament light chain (NfL).,Targeted activation of CSF phosphorylated-tau 181 & neurofilament light chain (NfL) governs Neurodegenerative Tauopathy Kinetics.,Observed variations in Neurodegenerative Tauopathy Kinetics are driven by alternative metabolic or environmental feedback loops.,Primary hypothesis supported; key evaluation metrics show > 3.5-fold improvement.,Target mechanism confirmed as the primary driver of observed empirical phenomena.
bm-health-exp-020-b0e0,dataset-genome-benchmark-v1.0,Healthcare,Expert,Failed Experiment,"Investigate Metabolic Insulin Resistance Kinetics mechanisms in Healthcare (Expert complexity, Failed Experiment style).",Phase II clinical cohort tracking glucose tolerance and systemic inflammation markers.,Severe measurement artifact detected due to calibration drift during Metabolic Insulin Resistance Kinetics assay execution.,Unclear causal pathway governing Metabolic Insulin Resistance Kinetics under varying experimental conditions.,Lack of high-resolution quantitative tracking for Elevated circulating IL-6 & IRS-1 serine phosphorylation.,Targeted activation of Elevated circulating IL-6 & IRS-1 serine phosphorylation governs Metabolic Insulin Resistance Kinetics.,Observed variations in Metabolic Insulin Resistance Kinetics are driven by alternative metabolic or environmental feedback loops.,Experimental trial invalidated by thermal control breakdown at t=24h.,"Trial failed due to physical measurement artifacts, mandating revised experimental protocols."
bm-climat-eas-001-ce6a,dataset-genome-benchmark-v1.0,Climate Science,Easy,Replication Study,"Investigate Marine Aerosol Cloud Albedo Feedback mechanisms in Climate Science (Easy complexity, Replication Study style).",Satellite radiative flux observations across marine stratocumulus ocean decks.,Replication trial evaluated original landmark findings for Marine Aerosol Cloud Albedo Feedback in Dimethyl sulfide (DMS) producing phytoplankton communities under revised controls.,Unclear causal pathway governing Marine Aerosol Cloud Albedo Feedback under varying experimental conditions.,Lack of high-resolution quantitative tracking for Sub-micron sea spray aerosol nucleation density.,Targeted activation of Sub-micron sea spray aerosol nucleation density governs Marine Aerosol Cloud Albedo Feedback.,Observed variations in Marine Aerosol Cloud Albedo Feedback are driven by alternative metabolic or environmental feedback loops.,"Landmark effect reproduced with high fidelity (R² = 0.94, p < 0.001).",Replication confirms robust generalizability of the original scientific phenomenon.
bm-climat-med-002-f752,dataset-genome-benchmark-v1.0,Climate Science,Medium,Unexpected Observation,"Investigate Permafrost Methane Thaw Dynamics mechanisms in Climate Science (Medium complexity, Unexpected Observation style).",Sub-arctic thermokarst lake expansion across Siberian permafrost zones.,Unpredicted secondary peak observed in Methanogenic archaea soil consortia transcriptomic expression during Permafrost Methane Thaw Dynamics exposure.,Unclear causal pathway governing Permafrost Methane Thaw Dynamics under varying experimental conditions.,Lack of high-resolution quantitative tracking for CH4 flux rates & carbon-13 isotope fractionation ratio.,Targeted activation of CH4 flux rates & carbon-13 isotope fractionation ratio governs Permafrost Methane Thaw Dynamics.,Observed variations in Permafrost Methane Thaw Dynamics are driven by alternative metabolic or environmental feedback loops.,"Primary hypothesis partially supported, but an unexpected alternative pathway emerged.",Discovery of an unpredicted anomalous mechanism challenges prevailing domain models.
bm-climat-har-003-3233,dataset-genome-benchmark-v1.0,Climate Science,Hard,Positive Result,"Investigate Atlantic Meridional Overturning Circulation (AMOC) Stability mechanisms in Climate Science (Hard complexity, Positive Result style).",Deep ocean mooring array tracking North Atlantic thermohaline circulation.,High-precision measurements of Deep sea benthic micro-faunal proxy records demonstrate a statistically significant 3.8-fold shift in response.,Unclear causal pathway governing Atlantic Meridional Overturning Circulation (AMOC) Stability under varying experimental conditions.,Lack of high-resolution quantitative tracking for North Atlantic Deep Water (NADW) transport volume.,Targeted activation of North Atlantic Deep Water (NADW) transport volume governs Atlantic Meridional Overturning Circulation (AMOC) Stability.,Observed variations in Atlantic Meridional Overturning Circulation (AMOC) Stability are driven by alternative metabolic or environmental feedback loops.,Primary hypothesis supported; key evaluation metrics show > 3.5-fold improvement.,Target mechanism confirmed as the primary driver of observed empirical phenomena.
bm-climat-exp-004-03fa,dataset-genome-benchmark-v1.0,Climate Science,Expert,Negative Result,"Investigate Marine Aerosol Cloud Albedo Feedback mechanisms in Climate Science (Expert complexity, Negative Result style).",Satellite radiative flux observations across marine stratocumulus ocean decks.,Empirical testing revealed no significant shift in Dimethyl sulfide (DMS) producing phytoplankton communities response under target treatment (p = 0.42).,Unclear causal pathway governing Marine Aerosol Cloud Albedo Feedback under varying experimental conditions.,Lack of high-resolution quantitative tracking for Sub-micron sea spray aerosol nucleation density.,Targeted activation of Sub-micron sea spray aerosol nucleation density governs Marine Aerosol Cloud Albedo Feedback.,Observed variations in Marine Aerosol Cloud Albedo Feedback are driven by alternative metabolic or environmental feedback loops.,Primary hypothesis disproved; treatment effect remains within null control bounds (Delta < 0.05).,"Rigorous testing confirms a null relationship, refuting earlier uncalibrated models."
bm-climat-eas-005-ad24,dataset-genome-benchmark-v1.0,Climate Science,Easy,Ambiguous Result,"Investigate Permafrost Methane Thaw Dynamics mechanisms in Climate Science (Easy complexity, Ambiguous Result style).",Sub-arctic thermokarst lake expansion across Siberian permafrost zones.,"Assay results for Methanogenic archaea soil consortia yielded high variance across replicates (95% CI [-0.12, 0.48]).",Unclear causal pathway governing Permafrost Methane Thaw Dynamics under varying experimental conditions.,Lack of high-resolution quantitative tracking for CH4 flux rates & carbon-13 isotope fractionation ratio.,Targeted activation of CH4 flux rates & carbon-13 isotope fractionation ratio governs Permafrost Methane Thaw Dynamics.,Observed variations in Permafrost Methane Thaw Dynamics are driven by alternative metabolic or environmental feedback loops.,Inconclusive trend observed; secondary power analysis indicates need for 4x larger sample cohort.,"Evidence remains inconclusive, highlighting critical measurement noise and confounding factors."
bm-climat-med-006-e6ed,dataset-genome-benchmark-v1.0,Climate Science,Medium,Conflicting Literature,"Investigate Atlantic Meridional Overturning Circulation (AMOC) Stability mechanisms in Climate Science (Medium complexity, Conflicting Literature style).",Deep ocean mooring array tracking North Atlantic thermohaline circulation.,High-precision measurements of Deep sea benthic micro-faunal proxy records demonstrate a statistically significant 3.8-fold shift in response.,Unclear causal pathway governing Atlantic Meridional Overturning Circulation (AMOC) Stability under varying experimental conditions.,Lack of high-resolution quantitative tracking for North Atlantic Deep Water (NADW) transport volume.,Targeted activation of North Atlantic Deep Water (NADW) transport volume governs Atlantic Meridional Overturning Circulation (AMOC) Stability.,Observed variations in Atlantic Meridional Overturning Circulation (AMOC) Stability are driven by alternative metabolic or environmental feedback loops.,Primary hypothesis supported; key evaluation metrics show > 3.5-fold improvement.,Target mechanism confirmed as the primary driver of observed empirical phenomena.
bm-climat-har-007-a855,dataset-genome-benchmark-v1.0,Climate Science,Hard,Failed Experiment,"Investigate Marine Aerosol Cloud Albedo Feedback mechanisms in Climate Science (Hard complexity, Failed Experiment style).",Satellite radiative flux observations across marine stratocumulus ocean decks.,Severe measurement artifact detected due to calibration drift during Marine Aerosol Cloud Albedo Feedback assay execution.,Unclear causal pathway governing Marine Aerosol Cloud Albedo Feedback under varying experimental conditions.,Lack of high-resolution quantitative tracking for Sub-micron sea spray aerosol nucleation density.,Targeted activation of Sub-micron sea spray aerosol nucleation density governs Marine Aerosol Cloud Albedo Feedback.,Observed variations in Marine Aerosol Cloud Albedo Feedback are driven by alternative metabolic or environmental feedback loops.,Experimental trial invalidated by thermal control breakdown at t=24h.,"Trial failed due to physical measurement artifacts, mandating revised experimental protocols."
bm-climat-exp-008-58c8,dataset-genome-benchmark-v1.0,Climate Science,Expert,Replication Study,"Investigate Permafrost Methane Thaw Dynamics mechanisms in Climate Science (Expert complexity, Replication Study style).",Sub-arctic thermokarst lake expansion across Siberian permafrost zones.,Replication trial evaluated original landmark findings for Permafrost Methane Thaw Dynamics in Methanogenic archaea soil consortia under revised controls.,Unclear causal pathway governing Permafrost Methane Thaw Dynamics under varying experimental conditions.,Lack of high-resolution quantitative tracking for CH4 flux rates & carbon-13 isotope fractionation ratio.,Targeted activation of CH4 flux rates & carbon-13 isotope fractionation ratio governs Permafrost Methane Thaw Dynamics.,Observed variations in Permafrost Methane Thaw Dynamics are driven by alternative metabolic or environmental feedback loops.,"Landmark effect reproduced with high fidelity (R² = 0.94, p < 0.001).",Replication confirms robust generalizability of the original scientific phenomenon.
bm-climat-eas-009-8433,dataset-genome-benchmark-v1.0,Climate Science,Easy,Unexpected Observation,"Investigate Atlantic Meridional Overturning Circulation (AMOC) Stability mechanisms in Climate Science (Easy complexity, Unexpected Observation style).",Deep ocean mooring array tracking North Atlantic thermohaline circulation.,Unpredicted secondary peak observed in Deep sea benthic micro-faunal proxy records transcriptomic expression during Atlantic Meridional Overturning Circulation (AMOC) Stability exposure.,Unclear causal pathway governing Atlantic Meridional Overturning Circulation (AMOC) Stability under varying experimental conditions.,Lack of high-resolution quantitative tracking for North Atlantic Deep Water (NADW) transport volume.,Targeted activation of North Atlantic Deep Water (NADW) transport volume governs Atlantic Meridional Overturning Circulation (AMOC) Stability.,Observed variations in Atlantic Meridional Overturning Circulation (AMOC) Stability are driven by alternative metabolic or environmental feedback loops.,"Primary hypothesis partially supported, but an unexpected alternative pathway emerged.",Discovery of an unpredicted anomalous mechanism challenges prevailing domain models.
bm-climat-med-010-aac0,dataset-genome-benchmark-v1.0,Climate Science,Medium,Positive Result,"Investigate Marine Aerosol Cloud Albedo Feedback mechanisms in Climate Science (Medium complexity, Positive Result style).",Satellite radiative flux observations across marine stratocumulus ocean decks.,High-precision measurements of Dimethyl sulfide (DMS) producing phytoplankton communities demonstrate a statistically significant 3.8-fold shift in response.,Unclear causal pathway governing Marine Aerosol Cloud Albedo Feedback under varying experimental conditions.,Lack of high-resolution quantitative tracking for Sub-micron sea spray aerosol nucleation density.,Targeted activation of Sub-micron sea spray aerosol nucleation density governs Marine Aerosol Cloud Albedo Feedback.,Observed variations in Marine Aerosol Cloud Albedo Feedback are driven by alternative metabolic or environmental feedback loops.,Primary hypothesis supported; key evaluation metrics show > 3.5-fold improvement.,Target mechanism confirmed as the primary driver of observed empirical phenomena.
bm-climat-har-011-a729,dataset-genome-benchmark-v1.0,Climate Science,Hard,Negative Result,"Investigate Permafrost Methane Thaw Dynamics mechanisms in Climate Science (Hard complexity, Negative Result style).",Sub-arctic thermokarst lake expansion across Siberian permafrost zones.,Empirical testing revealed no significant shift in Methanogenic archaea soil consortia response under target treatment (p = 0.42).,Unclear causal pathway governing Permafrost Methane Thaw Dynamics under varying experimental conditions.,Lack of high-resolution quantitative tracking for CH4 flux rates & carbon-13 isotope fractionation ratio.,Targeted activation of CH4 flux rates & carbon-13 isotope fractionation ratio governs Permafrost Methane Thaw Dynamics.,Observed variations in Permafrost Methane Thaw Dynamics are driven by alternative metabolic or environmental feedback loops.,Primary hypothesis disproved; treatment effect remains within null control bounds (Delta < 0.05).,"Rigorous testing confirms a null relationship, refuting earlier uncalibrated models."
bm-climat-exp-012-4bcd,dataset-genome-benchmark-v1.0,Climate Science,Expert,Ambiguous Result,"Investigate Atlantic Meridional Overturning Circulation (AMOC) Stability mechanisms in Climate Science (Expert complexity, Ambiguous Result style).",Deep ocean mooring array tracking North Atlantic thermohaline circulation.,"Assay results for Deep sea benthic micro-faunal proxy records yielded high variance across replicates (95% CI [-0.12, 0.48]).",Unclear causal pathway governing Atlantic Meridional Overturning Circulation (AMOC) Stability under varying experimental conditions.,Lack of high-resolution quantitative tracking for North Atlantic Deep Water (NADW) transport volume.,Targeted activation of North Atlantic Deep Water (NADW) transport volume governs Atlantic Meridional Overturning Circulation (AMOC) Stability.,Observed variations in Atlantic Meridional Overturning Circulation (AMOC) Stability are driven by alternative metabolic or environmental feedback loops.,Inconclusive trend observed; secondary power analysis indicates need for 4x larger sample cohort.,"Evidence remains inconclusive, highlighting critical measurement noise and confounding factors."
bm-climat-eas-013-9bb5,dataset-genome-benchmark-v1.0,Climate Science,Easy,Conflicting Literature,"Investigate Marine Aerosol Cloud Albedo Feedback mechanisms in Climate Science (Easy complexity, Conflicting Literature style).",Satellite radiative flux observations across marine stratocumulus ocean decks.,High-precision measurements of Dimethyl sulfide (DMS) producing phytoplankton communities demonstrate a statistically significant 3.8-fold shift in response.,Unclear causal pathway governing Marine Aerosol Cloud Albedo Feedback under varying experimental conditions.,Lack of high-resolution quantitative tracking for Sub-micron sea spray aerosol nucleation density.,Targeted activation of Sub-micron sea spray aerosol nucleation density governs Marine Aerosol Cloud Albedo Feedback.,Observed variations in Marine Aerosol Cloud Albedo Feedback are driven by alternative metabolic or environmental feedback loops.,Primary hypothesis supported; key evaluation metrics show > 3.5-fold improvement.,Target mechanism confirmed as the primary driver of observed empirical phenomena.
bm-climat-med-014-9eac,dataset-genome-benchmark-v1.0,Climate Science,Medium,Failed Experiment,"Investigate Permafrost Methane Thaw Dynamics mechanisms in Climate Science (Medium complexity, Failed Experiment style).",Sub-arctic thermokarst lake expansion across Siberian permafrost zones.,Severe measurement artifact detected due to calibration drift during Permafrost Methane Thaw Dynamics assay execution.,Unclear causal pathway governing Permafrost Methane Thaw Dynamics under varying experimental conditions.,Lack of high-resolution quantitative tracking for CH4 flux rates & carbon-13 isotope fractionation ratio.,Targeted activation of CH4 flux rates & carbon-13 isotope fractionation ratio governs Permafrost Methane Thaw Dynamics.,Observed variations in Permafrost Methane Thaw Dynamics are driven by alternative metabolic or environmental feedback loops.,Experimental trial invalidated by thermal control breakdown at t=24h.,"Trial failed due to physical measurement artifacts, mandating revised experimental protocols."
bm-climat-har-015-52d1,dataset-genome-benchmark-v1.0,Climate Science,Hard,Replication Study,"Investigate Atlantic Meridional Overturning Circulation (AMOC) Stability mechanisms in Climate Science (Hard complexity, Replication Study style).",Deep ocean mooring array tracking North Atlantic thermohaline circulation.,Replication trial evaluated original landmark findings for Atlantic Meridional Overturning Circulation (AMOC) Stability in Deep sea benthic micro-faunal proxy records under revised controls.,Unclear causal pathway governing Atlantic Meridional Overturning Circulation (AMOC) Stability under varying experimental conditions.,Lack of high-resolution quantitative tracking for North Atlantic Deep Water (NADW) transport volume.,Targeted activation of North Atlantic Deep Water (NADW) transport volume governs Atlantic Meridional Overturning Circulation (AMOC) Stability.,Observed variations in Atlantic Meridional Overturning Circulation (AMOC) Stability are driven by alternative metabolic or environmental feedback loops.,"Landmark effect reproduced with high fidelity (R² = 0.94, p < 0.001).",Replication confirms robust generalizability of the original scientific phenomenon.
bm-climat-exp-016-5599,dataset-genome-benchmark-v1.0,Climate Science,Expert,Unexpected Observation,"Investigate Marine Aerosol Cloud Albedo Feedback mechanisms in Climate Science (Expert complexity, Unexpected Observation style).",Satellite radiative flux observations across marine stratocumulus ocean decks.,Unpredicted secondary peak observed in Dimethyl sulfide (DMS) producing phytoplankton communities transcriptomic expression during Marine Aerosol Cloud Albedo Feedback exposure.,Unclear causal pathway governing Marine Aerosol Cloud Albedo Feedback under varying experimental conditions.,Lack of high-resolution quantitative tracking for Sub-micron sea spray aerosol nucleation density.,Targeted activation of Sub-micron sea spray aerosol nucleation density governs Marine Aerosol Cloud Albedo Feedback.,Observed variations in Marine Aerosol Cloud Albedo Feedback are driven by alternative metabolic or environmental feedback loops.,"Primary hypothesis partially supported, but an unexpected alternative pathway emerged.",Discovery of an unpredicted anomalous mechanism challenges prevailing domain models.
bm-climat-eas-017-ed6c,dataset-genome-benchmark-v1.0,Climate Science,Easy,Positive Result,"Investigate Permafrost Methane Thaw Dynamics mechanisms in Climate Science (Easy complexity, Positive Result style).",Sub-arctic thermokarst lake expansion across Siberian permafrost zones.,High-precision measurements of Methanogenic archaea soil consortia demonstrate a statistically significant 3.8-fold shift in response.,Unclear causal pathway governing Permafrost Methane Thaw Dynamics under varying experimental conditions.,Lack of high-resolution quantitative tracking for CH4 flux rates & carbon-13 isotope fractionation ratio.,Targeted activation of CH4 flux rates & carbon-13 isotope fractionation ratio governs Permafrost Methane Thaw Dynamics.,Observed variations in Permafrost Methane Thaw Dynamics are driven by alternative metabolic or environmental feedback loops.,Primary hypothesis supported; key evaluation metrics show > 3.5-fold improvement.,Target mechanism confirmed as the primary driver of observed empirical phenomena.
bm-climat-med-018-b84b,dataset-genome-benchmark-v1.0,Climate Science,Medium,Negative Result,"Investigate Atlantic Meridional Overturning Circulation (AMOC) Stability mechanisms in Climate Science (Medium complexity, Negative Result style).",Deep ocean mooring array tracking North Atlantic thermohaline circulation.,Empirical testing revealed no significant shift in Deep sea benthic micro-faunal proxy records response under target treatment (p = 0.42).,Unclear causal pathway governing Atlantic Meridional Overturning Circulation (AMOC) Stability under varying experimental conditions.,Lack of high-resolution quantitative tracking for North Atlantic Deep Water (NADW) transport volume.,Targeted activation of North Atlantic Deep Water (NADW) transport volume governs Atlantic Meridional Overturning Circulation (AMOC) Stability.,Observed variations in Atlantic Meridional Overturning Circulation (AMOC) Stability are driven by alternative metabolic or environmental feedback loops.,Primary hypothesis disproved; treatment effect remains within null control bounds (Delta < 0.05).,"Rigorous testing confirms a null relationship, refuting earlier uncalibrated models."
bm-climat-har-019-e142,dataset-genome-benchmark-v1.0,Climate Science,Hard,Ambiguous Result,"Investigate Marine Aerosol Cloud Albedo Feedback mechanisms in Climate Science (Hard complexity, Ambiguous Result style).",Satellite radiative flux observations across marine stratocumulus ocean decks.,"Assay results for Dimethyl sulfide (DMS) producing phytoplankton communities yielded high variance across replicates (95% CI [-0.12, 0.48]).",Unclear causal pathway governing Marine Aerosol Cloud Albedo Feedback under varying experimental conditions.,Lack of high-resolution quantitative tracking for Sub-micron sea spray aerosol nucleation density.,Targeted activation of Sub-micron sea spray aerosol nucleation density governs Marine Aerosol Cloud Albedo Feedback.,Observed variations in Marine Aerosol Cloud Albedo Feedback are driven by alternative metabolic or environmental feedback loops.,Inconclusive trend observed; secondary power analysis indicates need for 4x larger sample cohort.,"Evidence remains inconclusive, highlighting critical measurement noise and confounding factors."
bm-climat-exp-020-4cc6,dataset-genome-benchmark-v1.0,Climate Science,Expert,Conflicting Literature,"Investigate Permafrost Methane Thaw Dynamics mechanisms in Climate Science (Expert complexity, Conflicting Literature style).",Sub-arctic thermokarst lake expansion across Siberian permafrost zones.,High-precision measurements of Methanogenic archaea soil consortia demonstrate a statistically significant 3.8-fold shift in response.,Unclear causal pathway governing Permafrost Methane Thaw Dynamics under varying experimental conditions.,Lack of high-resolution quantitative tracking for CH4 flux rates & carbon-13 isotope fractionation ratio.,Targeted activation of CH4 flux rates & carbon-13 isotope fractionation ratio governs Permafrost Methane Thaw Dynamics.,Observed variations in Permafrost Methane Thaw Dynamics are driven by alternative metabolic or environmental feedback loops.,Primary hypothesis supported; key evaluation metrics show > 3.5-fold improvement.,Target mechanism confirmed as the primary driver of observed empirical phenomena.
bm-biolog-eas-001-175b,dataset-genome-benchmark-v1.0,Biology,Easy,Failed Experiment,"Investigate Structural Cryo-EM Proteomics mechanisms in Biology (Easy complexity, Failed Experiment style).",Resolution of multi-subunit membrane transporter complex in lipid nanodiscs.,Severe measurement artifact detected due to calibration drift during Structural Cryo-EM Proteomics assay execution.,Unclear causal pathway governing Structural Cryo-EM Proteomics under varying experimental conditions.,Lack of high-resolution quantitative tracking for Conformational state transition rates (State A to State B).,Targeted activation of Conformational state transition rates (State A to State B) governs Structural Cryo-EM Proteomics.,Observed variations in Structural Cryo-EM Proteomics are driven by alternative metabolic or environmental feedback loops.,Experimental trial invalidated by thermal control breakdown at t=24h.,"Trial failed due to physical measurement artifacts, mandating revised experimental protocols."
bm-biolog-med-002-d1c0,dataset-genome-benchmark-v1.0,Biology,Medium,Replication Study,"Investigate Epigenetic Histone Modifications mechanisms in Biology (Medium complexity, Replication Study style).",Embryonic stem cell differentiation along neural progenitor lineages.,Replication trial evaluated original landmark findings for Epigenetic Histone Modifications in Mus musculus embryonic stem cells under revised controls.,Unclear causal pathway governing Epigenetic Histone Modifications under varying experimental conditions.,Lack of high-resolution quantitative tracking for H3K27me3 & H3K4me3 bivalent chromatin domain marking.,Targeted activation of H3K27me3 & H3K4me3 bivalent chromatin domain marking governs Epigenetic Histone Modifications.,Observed variations in Epigenetic Histone Modifications are driven by alternative metabolic or environmental feedback loops.,"Landmark effect reproduced with high fidelity (R² = 0.94, p < 0.001).",Replication confirms robust generalizability of the original scientific phenomenon.
bm-biolog-har-003-0495,dataset-genome-benchmark-v1.0,Biology,Hard,Unexpected Observation,"Investigate Developmental Cell Lineage Trajectories mechanisms in Biology (Hard complexity, Unexpected Observation style).",Organoid morphogenesis captured during cardiac chamber specification.,Unpredicted secondary peak observed in Human induced pluripotent stem cells (iPSCs) transcriptomic expression during Developmental Cell Lineage Trajectories exposure.,Unclear causal pathway governing Developmental Cell Lineage Trajectories under varying experimental conditions.,Lack of high-resolution quantitative tracking for NKX2-5 & TNNT2 transcription factor activation cascades.,Targeted activation of NKX2-5 & TNNT2 transcription factor activation cascades governs Developmental Cell Lineage Trajectories.,Observed variations in Developmental Cell Lineage Trajectories are driven by alternative metabolic or environmental feedback loops.,"Primary hypothesis partially supported, but an unexpected alternative pathway emerged.",Discovery of an unpredicted anomalous mechanism challenges prevailing domain models.
bm-biolog-exp-004-b8c3,dataset-genome-benchmark-v1.0,Biology,Expert,Positive Result,"Investigate CRISPR-Cas Off-Target Kinetics mechanisms in Biology (Expert complexity, Positive Result style).",Single-molecule fluorescence resonance energy transfer (smFRET) imaging.,High-precision measurements of Engineered human cell lines & Cas12a variants demonstrate a statistically significant 3.8-fold shift in response.,Unclear causal pathway governing CRISPR-Cas Off-Target Kinetics under varying experimental conditions.,Lack of high-resolution quantitative tracking for Cas12a off-target cleavage rate & residence time.,Targeted activation of Cas12a off-target cleavage rate & residence time governs CRISPR-Cas Off-Target Kinetics.,Observed variations in CRISPR-Cas Off-Target Kinetics are driven by alternative metabolic or environmental feedback loops.,Primary hypothesis supported; key evaluation metrics show > 3.5-fold improvement.,Target mechanism confirmed as the primary driver of observed empirical phenomena.
bm-biolog-eas-005-7c31,dataset-genome-benchmark-v1.0,Biology,Easy,Negative Result,"Investigate Structural Cryo-EM Proteomics mechanisms in Biology (Easy complexity, Negative Result style).",Resolution of multi-subunit membrane transporter complex in lipid nanodiscs.,Empirical testing revealed no significant shift in Saccharomyces cerevisiae mitochondrial transport system response under target treatment (p = 0.42).,Unclear causal pathway governing Structural Cryo-EM Proteomics under varying experimental conditions.,Lack of high-resolution quantitative tracking for Conformational state transition rates (State A to State B).,Targeted activation of Conformational state transition rates (State A to State B) governs Structural Cryo-EM Proteomics.,Observed variations in Structural Cryo-EM Proteomics are driven by alternative metabolic or environmental feedback loops.,Primary hypothesis disproved; treatment effect remains within null control bounds (Delta < 0.05).,"Rigorous testing confirms a null relationship, refuting earlier uncalibrated models."
bm-biolog-med-006-df8f,dataset-genome-benchmark-v1.0,Biology,Medium,Ambiguous Result,"Investigate Epigenetic Histone Modifications mechanisms in Biology (Medium complexity, Ambiguous Result style).",Embryonic stem cell differentiation along neural progenitor lineages.,"Assay results for Mus musculus embryonic stem cells yielded high variance across replicates (95% CI [-0.12, 0.48]).",Unclear causal pathway governing Epigenetic Histone Modifications under varying experimental conditions.,Lack of high-resolution quantitative tracking for H3K27me3 & H3K4me3 bivalent chromatin domain marking.,Targeted activation of H3K27me3 & H3K4me3 bivalent chromatin domain marking governs Epigenetic Histone Modifications.,Observed variations in Epigenetic Histone Modifications are driven by alternative metabolic or environmental feedback loops.,Inconclusive trend observed; secondary power analysis indicates need for 4x larger sample cohort.,"Evidence remains inconclusive, highlighting critical measurement noise and confounding factors."
bm-biolog-har-007-240d,dataset-genome-benchmark-v1.0,Biology,Hard,Conflicting Literature,"Investigate Developmental Cell Lineage Trajectories mechanisms in Biology (Hard complexity, Conflicting Literature style).",Organoid morphogenesis captured during cardiac chamber specification.,High-precision measurements of Human induced pluripotent stem cells (iPSCs) demonstrate a statistically significant 3.8-fold shift in response.,Unclear causal pathway governing Developmental Cell Lineage Trajectories under varying experimental conditions.,Lack of high-resolution quantitative tracking for NKX2-5 & TNNT2 transcription factor activation cascades.,Targeted activation of NKX2-5 & TNNT2 transcription factor activation cascades governs Developmental Cell Lineage Trajectories.,Observed variations in Developmental Cell Lineage Trajectories are driven by alternative metabolic or environmental feedback loops.,Primary hypothesis supported; key evaluation metrics show > 3.5-fold improvement.,Target mechanism confirmed as the primary driver of observed empirical phenomena.
bm-biolog-exp-008-5aa3,dataset-genome-benchmark-v1.0,Biology,Expert,Failed Experiment,"Investigate CRISPR-Cas Off-Target Kinetics mechanisms in Biology (Expert complexity, Failed Experiment style).",Single-molecule fluorescence resonance energy transfer (smFRET) imaging.,Severe measurement artifact detected due to calibration drift during CRISPR-Cas Off-Target Kinetics assay execution.,Unclear causal pathway governing CRISPR-Cas Off-Target Kinetics under varying experimental conditions.,Lack of high-resolution quantitative tracking for Cas12a off-target cleavage rate & residence time.,Targeted activation of Cas12a off-target cleavage rate & residence time governs CRISPR-Cas Off-Target Kinetics.,Observed variations in CRISPR-Cas Off-Target Kinetics are driven by alternative metabolic or environmental feedback loops.,Experimental trial invalidated by thermal control breakdown at t=24h.,"Trial failed due to physical measurement artifacts, mandating revised experimental protocols."
bm-biolog-eas-009-06da,dataset-genome-benchmark-v1.0,Biology,Easy,Replication Study,"Investigate Structural Cryo-EM Proteomics mechanisms in Biology (Easy complexity, Replication Study style).",Resolution of multi-subunit membrane transporter complex in lipid nanodiscs.,Replication trial evaluated original landmark findings for Structural Cryo-EM Proteomics in Saccharomyces cerevisiae mitochondrial transport system under revised controls.,Unclear causal pathway governing Structural Cryo-EM Proteomics under varying experimental conditions.,Lack of high-resolution quantitative tracking for Conformational state transition rates (State A to State B).,Targeted activation of Conformational state transition rates (State A to State B) governs Structural Cryo-EM Proteomics.,Observed variations in Structural Cryo-EM Proteomics are driven by alternative metabolic or environmental feedback loops.,"Landmark effect reproduced with high fidelity (R² = 0.94, p < 0.001).",Replication confirms robust generalizability of the original scientific phenomenon.
bm-biolog-med-010-0abd,dataset-genome-benchmark-v1.0,Biology,Medium,Unexpected Observation,"Investigate Epigenetic Histone Modifications mechanisms in Biology (Medium complexity, Unexpected Observation style).",Embryonic stem cell differentiation along neural progenitor lineages.,Unpredicted secondary peak observed in Mus musculus embryonic stem cells transcriptomic expression during Epigenetic Histone Modifications exposure.,Unclear causal pathway governing Epigenetic Histone Modifications under varying experimental conditions.,Lack of high-resolution quantitative tracking for H3K27me3 & H3K4me3 bivalent chromatin domain marking.,Targeted activation of H3K27me3 & H3K4me3 bivalent chromatin domain marking governs Epigenetic Histone Modifications.,Observed variations in Epigenetic Histone Modifications are driven by alternative metabolic or environmental feedback loops.,"Primary hypothesis partially supported, but an unexpected alternative pathway emerged.",Discovery of an unpredicted anomalous mechanism challenges prevailing domain models.
bm-biolog-har-011-ec3a,dataset-genome-benchmark-v1.0,Biology,Hard,Positive Result,"Investigate Developmental Cell Lineage Trajectories mechanisms in Biology (Hard complexity, Positive Result style).",Organoid morphogenesis captured during cardiac chamber specification.,High-precision measurements of Human induced pluripotent stem cells (iPSCs) demonstrate a statistically significant 3.8-fold shift in response.,Unclear causal pathway governing Developmental Cell Lineage Trajectories under varying experimental conditions.,Lack of high-resolution quantitative tracking for NKX2-5 & TNNT2 transcription factor activation cascades.,Targeted activation of NKX2-5 & TNNT2 transcription factor activation cascades governs Developmental Cell Lineage Trajectories.,Observed variations in Developmental Cell Lineage Trajectories are driven by alternative metabolic or environmental feedback loops.,Primary hypothesis supported; key evaluation metrics show > 3.5-fold improvement.,Target mechanism confirmed as the primary driver of observed empirical phenomena.
bm-biolog-exp-012-e3b3,dataset-genome-benchmark-v1.0,Biology,Expert,Negative Result,"Investigate CRISPR-Cas Off-Target Kinetics mechanisms in Biology (Expert complexity, Negative Result style).",Single-molecule fluorescence resonance energy transfer (smFRET) imaging.,Empirical testing revealed no significant shift in Engineered human cell lines & Cas12a variants response under target treatment (p = 0.42).,Unclear causal pathway governing CRISPR-Cas Off-Target Kinetics under varying experimental conditions.,Lack of high-resolution quantitative tracking for Cas12a off-target cleavage rate & residence time.,Targeted activation of Cas12a off-target cleavage rate & residence time governs CRISPR-Cas Off-Target Kinetics.,Observed variations in CRISPR-Cas Off-Target Kinetics are driven by alternative metabolic or environmental feedback loops.,Primary hypothesis disproved; treatment effect remains within null control bounds (Delta < 0.05).,"Rigorous testing confirms a null relationship, refuting earlier uncalibrated models."
bm-biolog-eas-013-4148,dataset-genome-benchmark-v1.0,Biology,Easy,Ambiguous Result,"Investigate Structural Cryo-EM Proteomics mechanisms in Biology (Easy complexity, Ambiguous Result style).",Resolution of multi-subunit membrane transporter complex in lipid nanodiscs.,"Assay results for Saccharomyces cerevisiae mitochondrial transport system yielded high variance across replicates (95% CI [-0.12, 0.48]).",Unclear causal pathway governing Structural Cryo-EM Proteomics under varying experimental conditions.,Lack of high-resolution quantitative tracking for Conformational state transition rates (State A to State B).,Targeted activation of Conformational state transition rates (State A to State B) governs Structural Cryo-EM Proteomics.,Observed variations in Structural Cryo-EM Proteomics are driven by alternative metabolic or environmental feedback loops.,Inconclusive trend observed; secondary power analysis indicates need for 4x larger sample cohort.,"Evidence remains inconclusive, highlighting critical measurement noise and confounding factors."
bm-biolog-med-014-ed67,dataset-genome-benchmark-v1.0,Biology,Medium,Conflicting Literature,"Investigate Epigenetic Histone Modifications mechanisms in Biology (Medium complexity, Conflicting Literature style).",Embryonic stem cell differentiation along neural progenitor lineages.,High-precision measurements of Mus musculus embryonic stem cells demonstrate a statistically significant 3.8-fold shift in response.,Unclear causal pathway governing Epigenetic Histone Modifications under varying experimental conditions.,Lack of high-resolution quantitative tracking for H3K27me3 & H3K4me3 bivalent chromatin domain marking.,Targeted activation of H3K27me3 & H3K4me3 bivalent chromatin domain marking governs Epigenetic Histone Modifications.,Observed variations in Epigenetic Histone Modifications are driven by alternative metabolic or environmental feedback loops.,Primary hypothesis supported; key evaluation metrics show > 3.5-fold improvement.,Target mechanism confirmed as the primary driver of observed empirical phenomena.
bm-biolog-har-015-bfbe,dataset-genome-benchmark-v1.0,Biology,Hard,Failed Experiment,"Investigate Developmental Cell Lineage Trajectories mechanisms in Biology (Hard complexity, Failed Experiment style).",Organoid morphogenesis captured during cardiac chamber specification.,Severe measurement artifact detected due to calibration drift during Developmental Cell Lineage Trajectories assay execution.,Unclear causal pathway governing Developmental Cell Lineage Trajectories under varying experimental conditions.,Lack of high-resolution quantitative tracking for NKX2-5 & TNNT2 transcription factor activation cascades.,Targeted activation of NKX2-5 & TNNT2 transcription factor activation cascades governs Developmental Cell Lineage Trajectories.,Observed variations in Developmental Cell Lineage Trajectories are driven by alternative metabolic or environmental feedback loops.,Experimental trial invalidated by thermal control breakdown at t=24h.,"Trial failed due to physical measurement artifacts, mandating revised experimental protocols."
bm-biolog-exp-016-c34a,dataset-genome-benchmark-v1.0,Biology,Expert,Replication Study,"Investigate CRISPR-Cas Off-Target Kinetics mechanisms in Biology (Expert complexity, Replication Study style).",Single-molecule fluorescence resonance energy transfer (smFRET) imaging.,Replication trial evaluated original landmark findings for CRISPR-Cas Off-Target Kinetics in Engineered human cell lines & Cas12a variants under revised controls.,Unclear causal pathway governing CRISPR-Cas Off-Target Kinetics under varying experimental conditions.,Lack of high-resolution quantitative tracking for Cas12a off-target cleavage rate & residence time.,Targeted activation of Cas12a off-target cleavage rate & residence time governs CRISPR-Cas Off-Target Kinetics.,Observed variations in CRISPR-Cas Off-Target Kinetics are driven by alternative metabolic or environmental feedback loops.,"Landmark effect reproduced with high fidelity (R² = 0.94, p < 0.001).",Replication confirms robust generalizability of the original scientific phenomenon.
bm-biolog-eas-017-4c97,dataset-genome-benchmark-v1.0,Biology,Easy,Unexpected Observation,"Investigate Structural Cryo-EM Proteomics mechanisms in Biology (Easy complexity, Unexpected Observation style).",Resolution of multi-subunit membrane transporter complex in lipid nanodiscs.,Unpredicted secondary peak observed in Saccharomyces cerevisiae mitochondrial transport system transcriptomic expression during Structural Cryo-EM Proteomics exposure.,Unclear causal pathway governing Structural Cryo-EM Proteomics under varying experimental conditions.,Lack of high-resolution quantitative tracking for Conformational state transition rates (State A to State B).,Targeted activation of Conformational state transition rates (State A to State B) governs Structural Cryo-EM Proteomics.,Observed variations in Structural Cryo-EM Proteomics are driven by alternative metabolic or environmental feedback loops.,"Primary hypothesis partially supported, but an unexpected alternative pathway emerged.",Discovery of an unpredicted anomalous mechanism challenges prevailing domain models.
bm-biolog-med-018-4b09,dataset-genome-benchmark-v1.0,Biology,Medium,Positive Result,"Investigate Epigenetic Histone Modifications mechanisms in Biology (Medium complexity, Positive Result style).",Embryonic stem cell differentiation along neural progenitor lineages.,High-precision measurements of Mus musculus embryonic stem cells demonstrate a statistically significant 3.8-fold shift in response.,Unclear causal pathway governing Epigenetic Histone Modifications under varying experimental conditions.,Lack of high-resolution quantitative tracking for H3K27me3 & H3K4me3 bivalent chromatin domain marking.,Targeted activation of H3K27me3 & H3K4me3 bivalent chromatin domain marking governs Epigenetic Histone Modifications.,Observed variations in Epigenetic Histone Modifications are driven by alternative metabolic or environmental feedback loops.,Primary hypothesis supported; key evaluation metrics show > 3.5-fold improvement.,Target mechanism confirmed as the primary driver of observed empirical phenomena.
bm-biolog-har-019-98cc,dataset-genome-benchmark-v1.0,Biology,Hard,Negative Result,"Investigate Developmental Cell Lineage Trajectories mechanisms in Biology (Hard complexity, Negative Result style).",Organoid morphogenesis captured during cardiac chamber specification.,Empirical testing revealed no significant shift in Human induced pluripotent stem cells (iPSCs) response under target treatment (p = 0.42).,Unclear causal pathway governing Developmental Cell Lineage Trajectories under varying experimental conditions.,Lack of high-resolution quantitative tracking for NKX2-5 & TNNT2 transcription factor activation cascades.,Targeted activation of NKX2-5 & TNNT2 transcription factor activation cascades governs Developmental Cell Lineage Trajectories.,Observed variations in Developmental Cell Lineage Trajectories are driven by alternative metabolic or environmental feedback loops.,Primary hypothesis disproved; treatment effect remains within null control bounds (Delta < 0.05).,"Rigorous testing confirms a null relationship, refuting earlier uncalibrated models."
bm-biolog-exp-020-378f,dataset-genome-benchmark-v1.0,Biology,Expert,Ambiguous Result,"Investigate CRISPR-Cas Off-Target Kinetics mechanisms in Biology (Expert complexity, Ambiguous Result style).",Single-molecule fluorescence resonance energy transfer (smFRET) imaging.,"Assay results for Engineered human cell lines & Cas12a variants yielded high variance across replicates (95% CI [-0.12, 0.48]).",Unclear causal pathway governing CRISPR-Cas Off-Target Kinetics under varying experimental conditions.,Lack of high-resolution quantitative tracking for Cas12a off-target cleavage rate & residence time.,Targeted activation of Cas12a off-target cleavage rate & residence time governs CRISPR-Cas Off-Target Kinetics.,Observed variations in CRISPR-Cas Off-Target Kinetics are driven by alternative metabolic or environmental feedback loops.,Inconclusive trend observed; secondary power analysis indicates need for 4x larger sample cohort.,"Evidence remains inconclusive, highlighting critical measurement noise and confounding factors."
bm-chemis-eas-001-2b48,dataset-genome-benchmark-v1.0,Chemistry,Easy,Conflicting Literature,"Investigate MOF Photoreduction Catalysis mechanisms in Chemistry (Easy complexity, Conflicting Literature style).",Solar-driven carbon dioxide conversion to synthetic C2 hydrocarbon fuels.,High-precision measurements of Metal-organic framework (Cu-ZIF-8) porous crystals demonstrate a statistically significant 3.8-fold shift in response.,Unclear causal pathway governing MOF Photoreduction Catalysis under varying experimental conditions.,Lack of high-resolution quantitative tracking for Interfacial Cu-N active site charge transfer lifetime.,Targeted activation of Interfacial Cu-N active site charge transfer lifetime governs MOF Photoreduction Catalysis.,Observed variations in MOF Photoreduction Catalysis are driven by alternative metabolic or environmental feedback loops.,Primary hypothesis supported; key evaluation metrics show > 3.5-fold improvement.,Target mechanism confirmed as the primary driver of observed empirical phenomena.
bm-chemis-med-002-81f1,dataset-genome-benchmark-v1.0,Chemistry,Medium,Failed Experiment,"Investigate Solid-State Battery Electrolyte Conductance mechanisms in Chemistry (Medium complexity, Failed Experiment style).",Next-generation lithium-sulfur solid state energy storage cells.,Severe measurement artifact detected due to calibration drift during Solid-State Battery Electrolyte Conductance assay execution.,Unclear causal pathway governing Solid-State Battery Electrolyte Conductance under varying experimental conditions.,Lack of high-resolution quantitative tracking for Lithium-ion interfacial impedance & dendritic growth limit.,Targeted activation of Lithium-ion interfacial impedance & dendritic growth limit governs Solid-State Battery Electrolyte Conductance.,Observed variations in Solid-State Battery Electrolyte Conductance are driven by alternative metabolic or environmental feedback loops.,Experimental trial invalidated by thermal control breakdown at t=24h.,"Trial failed due to physical measurement artifacts, mandating revised experimental protocols."
bm-chemis-har-003-9d7d,dataset-genome-benchmark-v1.0,Chemistry,Hard,Replication Study,"Investigate MOF Photoreduction Catalysis mechanisms in Chemistry (Hard complexity, Replication Study style).",Solar-driven carbon dioxide conversion to synthetic C2 hydrocarbon fuels.,Replication trial evaluated original landmark findings for MOF Photoreduction Catalysis in Metal-organic framework (Cu-ZIF-8) porous crystals under revised controls.,Unclear causal pathway governing MOF Photoreduction Catalysis under varying experimental conditions.,Lack of high-resolution quantitative tracking for Interfacial Cu-N active site charge transfer lifetime.,Targeted activation of Interfacial Cu-N active site charge transfer lifetime governs MOF Photoreduction Catalysis.,Observed variations in MOF Photoreduction Catalysis are driven by alternative metabolic or environmental feedback loops.,"Landmark effect reproduced with high fidelity (R² = 0.94, p < 0.001).",Replication confirms robust generalizability of the original scientific phenomenon.
bm-chemis-exp-004-8801,dataset-genome-benchmark-v1.0,Chemistry,Expert,Unexpected Observation,"Investigate Solid-State Battery Electrolyte Conductance mechanisms in Chemistry (Expert complexity, Unexpected Observation style).",Next-generation lithium-sulfur solid state energy storage cells.,Unpredicted secondary peak observed in Garnet-type LLZO lithium lanthanum zirconium oxide ceramics transcriptomic expression during Solid-State Battery Electrolyte Conductance exposure.,Unclear causal pathway governing Solid-State Battery Electrolyte Conductance under varying experimental conditions.,Lack of high-resolution quantitative tracking for Lithium-ion interfacial impedance & dendritic growth limit.,Targeted activation of Lithium-ion interfacial impedance & dendritic growth limit governs Solid-State Battery Electrolyte Conductance.,Observed variations in Solid-State Battery Electrolyte Conductance are driven by alternative metabolic or environmental feedback loops.,"Primary hypothesis partially supported, but an unexpected alternative pathway emerged.",Discovery of an unpredicted anomalous mechanism challenges prevailing domain models.
bm-chemis-eas-005-dfcb,dataset-genome-benchmark-v1.0,Chemistry,Easy,Positive Result,"Investigate MOF Photoreduction Catalysis mechanisms in Chemistry (Easy complexity, Positive Result style).",Solar-driven carbon dioxide conversion to synthetic C2 hydrocarbon fuels.,High-precision measurements of Metal-organic framework (Cu-ZIF-8) porous crystals demonstrate a statistically significant 3.8-fold shift in response.,Unclear causal pathway governing MOF Photoreduction Catalysis under varying experimental conditions.,Lack of high-resolution quantitative tracking for Interfacial Cu-N active site charge transfer lifetime.,Targeted activation of Interfacial Cu-N active site charge transfer lifetime governs MOF Photoreduction Catalysis.,Observed variations in MOF Photoreduction Catalysis are driven by alternative metabolic or environmental feedback loops.,Primary hypothesis supported; key evaluation metrics show > 3.5-fold improvement.,Target mechanism confirmed as the primary driver of observed empirical phenomena.
bm-chemis-med-006-36fe,dataset-genome-benchmark-v1.0,Chemistry,Medium,Negative Result,"Investigate Solid-State Battery Electrolyte Conductance mechanisms in Chemistry (Medium complexity, Negative Result style).",Next-generation lithium-sulfur solid state energy storage cells.,Empirical testing revealed no significant shift in Garnet-type LLZO lithium lanthanum zirconium oxide ceramics response under target treatment (p = 0.42).,Unclear causal pathway governing Solid-State Battery Electrolyte Conductance under varying experimental conditions.,Lack of high-resolution quantitative tracking for Lithium-ion interfacial impedance & dendritic growth limit.,Targeted activation of Lithium-ion interfacial impedance & dendritic growth limit governs Solid-State Battery Electrolyte Conductance.,Observed variations in Solid-State Battery Electrolyte Conductance are driven by alternative metabolic or environmental feedback loops.,Primary hypothesis disproved; treatment effect remains within null control bounds (Delta < 0.05).,"Rigorous testing confirms a null relationship, refuting earlier uncalibrated models."
bm-chemis-har-007-78e0,dataset-genome-benchmark-v1.0,Chemistry,Hard,Ambiguous Result,"Investigate MOF Photoreduction Catalysis mechanisms in Chemistry (Hard complexity, Ambiguous Result style).",Solar-driven carbon dioxide conversion to synthetic C2 hydrocarbon fuels.,"Assay results for Metal-organic framework (Cu-ZIF-8) porous crystals yielded high variance across replicates (95% CI [-0.12, 0.48]).",Unclear causal pathway governing MOF Photoreduction Catalysis under varying experimental conditions.,Lack of high-resolution quantitative tracking for Interfacial Cu-N active site charge transfer lifetime.,Targeted activation of Interfacial Cu-N active site charge transfer lifetime governs MOF Photoreduction Catalysis.,Observed variations in MOF Photoreduction Catalysis are driven by alternative metabolic or environmental feedback loops.,Inconclusive trend observed; secondary power analysis indicates need for 4x larger sample cohort.,"Evidence remains inconclusive, highlighting critical measurement noise and confounding factors."
bm-chemis-exp-008-94c0,dataset-genome-benchmark-v1.0,Chemistry,Expert,Conflicting Literature,"Investigate Solid-State Battery Electrolyte Conductance mechanisms in Chemistry (Expert complexity, Conflicting Literature style).",Next-generation lithium-sulfur solid state energy storage cells.,High-precision measurements of Garnet-type LLZO lithium lanthanum zirconium oxide ceramics demonstrate a statistically significant 3.8-fold shift in response.,Unclear causal pathway governing Solid-State Battery Electrolyte Conductance under varying experimental conditions.,Lack of high-resolution quantitative tracking for Lithium-ion interfacial impedance & dendritic growth limit.,Targeted activation of Lithium-ion interfacial impedance & dendritic growth limit governs Solid-State Battery Electrolyte Conductance.,Observed variations in Solid-State Battery Electrolyte Conductance are driven by alternative metabolic or environmental feedback loops.,Primary hypothesis supported; key evaluation metrics show > 3.5-fold improvement.,Target mechanism confirmed as the primary driver of observed empirical phenomena.
bm-chemis-eas-009-ef2e,dataset-genome-benchmark-v1.0,Chemistry,Easy,Failed Experiment,"Investigate MOF Photoreduction Catalysis mechanisms in Chemistry (Easy complexity, Failed Experiment style).",Solar-driven carbon dioxide conversion to synthetic C2 hydrocarbon fuels.,Severe measurement artifact detected due to calibration drift during MOF Photoreduction Catalysis assay execution.,Unclear causal pathway governing MOF Photoreduction Catalysis under varying experimental conditions.,Lack of high-resolution quantitative tracking for Interfacial Cu-N active site charge transfer lifetime.,Targeted activation of Interfacial Cu-N active site charge transfer lifetime governs MOF Photoreduction Catalysis.,Observed variations in MOF Photoreduction Catalysis are driven by alternative metabolic or environmental feedback loops.,Experimental trial invalidated by thermal control breakdown at t=24h.,"Trial failed due to physical measurement artifacts, mandating revised experimental protocols."
bm-chemis-med-010-716e,dataset-genome-benchmark-v1.0,Chemistry,Medium,Replication Study,"Investigate Solid-State Battery Electrolyte Conductance mechanisms in Chemistry (Medium complexity, Replication Study style).",Next-generation lithium-sulfur solid state energy storage cells.,Replication trial evaluated original landmark findings for Solid-State Battery Electrolyte Conductance in Garnet-type LLZO lithium lanthanum zirconium oxide ceramics under revised controls.,Unclear causal pathway governing Solid-State Battery Electrolyte Conductance under varying experimental conditions.,Lack of high-resolution quantitative tracking for Lithium-ion interfacial impedance & dendritic growth limit.,Targeted activation of Lithium-ion interfacial impedance & dendritic growth limit governs Solid-State Battery Electrolyte Conductance.,Observed variations in Solid-State Battery Electrolyte Conductance are driven by alternative metabolic or environmental feedback loops.,"Landmark effect reproduced with high fidelity (R² = 0.94, p < 0.001).",Replication confirms robust generalizability of the original scientific phenomenon.
bm-chemis-har-011-5a62,dataset-genome-benchmark-v1.0,Chemistry,Hard,Unexpected Observation,"Investigate MOF Photoreduction Catalysis mechanisms in Chemistry (Hard complexity, Unexpected Observation style).",Solar-driven carbon dioxide conversion to synthetic C2 hydrocarbon fuels.,Unpredicted secondary peak observed in Metal-organic framework (Cu-ZIF-8) porous crystals transcriptomic expression during MOF Photoreduction Catalysis exposure.,Unclear causal pathway governing MOF Photoreduction Catalysis under varying experimental conditions.,Lack of high-resolution quantitative tracking for Interfacial Cu-N active site charge transfer lifetime.,Targeted activation of Interfacial Cu-N active site charge transfer lifetime governs MOF Photoreduction Catalysis.,Observed variations in MOF Photoreduction Catalysis are driven by alternative metabolic or environmental feedback loops.,"Primary hypothesis partially supported, but an unexpected alternative pathway emerged.",Discovery of an unpredicted anomalous mechanism challenges prevailing domain models.
bm-chemis-exp-012-8e04,dataset-genome-benchmark-v1.0,Chemistry,Expert,Positive Result,"Investigate Solid-State Battery Electrolyte Conductance mechanisms in Chemistry (Expert complexity, Positive Result style).",Next-generation lithium-sulfur solid state energy storage cells.,High-precision measurements of Garnet-type LLZO lithium lanthanum zirconium oxide ceramics demonstrate a statistically significant 3.8-fold shift in response.,Unclear causal pathway governing Solid-State Battery Electrolyte Conductance under varying experimental conditions.,Lack of high-resolution quantitative tracking for Lithium-ion interfacial impedance & dendritic growth limit.,Targeted activation of Lithium-ion interfacial impedance & dendritic growth limit governs Solid-State Battery Electrolyte Conductance.,Observed variations in Solid-State Battery Electrolyte Conductance are driven by alternative metabolic or environmental feedback loops.,Primary hypothesis supported; key evaluation metrics show > 3.5-fold improvement.,Target mechanism confirmed as the primary driver of observed empirical phenomena.
bm-chemis-eas-013-fce4,dataset-genome-benchmark-v1.0,Chemistry,Easy,Negative Result,"Investigate MOF Photoreduction Catalysis mechanisms in Chemistry (Easy complexity, Negative Result style).",Solar-driven carbon dioxide conversion to synthetic C2 hydrocarbon fuels.,Empirical testing revealed no significant shift in Metal-organic framework (Cu-ZIF-8) porous crystals response under target treatment (p = 0.42).,Unclear causal pathway governing MOF Photoreduction Catalysis under varying experimental conditions.,Lack of high-resolution quantitative tracking for Interfacial Cu-N active site charge transfer lifetime.,Targeted activation of Interfacial Cu-N active site charge transfer lifetime governs MOF Photoreduction Catalysis.,Observed variations in MOF Photoreduction Catalysis are driven by alternative metabolic or environmental feedback loops.,Primary hypothesis disproved; treatment effect remains within null control bounds (Delta < 0.05).,"Rigorous testing confirms a null relationship, refuting earlier uncalibrated models."
bm-chemis-med-014-23a4,dataset-genome-benchmark-v1.0,Chemistry,Medium,Ambiguous Result,"Investigate Solid-State Battery Electrolyte Conductance mechanisms in Chemistry (Medium complexity, Ambiguous Result style).",Next-generation lithium-sulfur solid state energy storage cells.,"Assay results for Garnet-type LLZO lithium lanthanum zirconium oxide ceramics yielded high variance across replicates (95% CI [-0.12, 0.48]).",Unclear causal pathway governing Solid-State Battery Electrolyte Conductance under varying experimental conditions.,Lack of high-resolution quantitative tracking for Lithium-ion interfacial impedance & dendritic growth limit.,Targeted activation of Lithium-ion interfacial impedance & dendritic growth limit governs Solid-State Battery Electrolyte Conductance.,Observed variations in Solid-State Battery Electrolyte Conductance are driven by alternative metabolic or environmental feedback loops.,Inconclusive trend observed; secondary power analysis indicates need for 4x larger sample cohort.,"Evidence remains inconclusive, highlighting critical measurement noise and confounding factors."
bm-chemis-har-015-54af,dataset-genome-benchmark-v1.0,Chemistry,Hard,Conflicting Literature,"Investigate MOF Photoreduction Catalysis mechanisms in Chemistry (Hard complexity, Conflicting Literature style).",Solar-driven carbon dioxide conversion to synthetic C2 hydrocarbon fuels.,High-precision measurements of Metal-organic framework (Cu-ZIF-8) porous crystals demonstrate a statistically significant 3.8-fold shift in response.,Unclear causal pathway governing MOF Photoreduction Catalysis under varying experimental conditions.,Lack of high-resolution quantitative tracking for Interfacial Cu-N active site charge transfer lifetime.,Targeted activation of Interfacial Cu-N active site charge transfer lifetime governs MOF Photoreduction Catalysis.,Observed variations in MOF Photoreduction Catalysis are driven by alternative metabolic or environmental feedback loops.,Primary hypothesis supported; key evaluation metrics show > 3.5-fold improvement.,Target mechanism confirmed as the primary driver of observed empirical phenomena.
bm-chemis-exp-016-ff52,dataset-genome-benchmark-v1.0,Chemistry,Expert,Failed Experiment,"Investigate Solid-State Battery Electrolyte Conductance mechanisms in Chemistry (Expert complexity, Failed Experiment style).",Next-generation lithium-sulfur solid state energy storage cells.,Severe measurement artifact detected due to calibration drift during Solid-State Battery Electrolyte Conductance assay execution.,Unclear causal pathway governing Solid-State Battery Electrolyte Conductance under varying experimental conditions.,Lack of high-resolution quantitative tracking for Lithium-ion interfacial impedance & dendritic growth limit.,Targeted activation of Lithium-ion interfacial impedance & dendritic growth limit governs Solid-State Battery Electrolyte Conductance.,Observed variations in Solid-State Battery Electrolyte Conductance are driven by alternative metabolic or environmental feedback loops.,Experimental trial invalidated by thermal control breakdown at t=24h.,"Trial failed due to physical measurement artifacts, mandating revised experimental protocols."
bm-chemis-eas-017-7c33,dataset-genome-benchmark-v1.0,Chemistry,Easy,Replication Study,"Investigate MOF Photoreduction Catalysis mechanisms in Chemistry (Easy complexity, Replication Study style).",Solar-driven carbon dioxide conversion to synthetic C2 hydrocarbon fuels.,Replication trial evaluated original landmark findings for MOF Photoreduction Catalysis in Metal-organic framework (Cu-ZIF-8) porous crystals under revised controls.,Unclear causal pathway governing MOF Photoreduction Catalysis under varying experimental conditions.,Lack of high-resolution quantitative tracking for Interfacial Cu-N active site charge transfer lifetime.,Targeted activation of Interfacial Cu-N active site charge transfer lifetime governs MOF Photoreduction Catalysis.,Observed variations in MOF Photoreduction Catalysis are driven by alternative metabolic or environmental feedback loops.,"Landmark effect reproduced with high fidelity (R² = 0.94, p < 0.001).",Replication confirms robust generalizability of the original scientific phenomenon.
bm-chemis-med-018-b127,dataset-genome-benchmark-v1.0,Chemistry,Medium,Unexpected Observation,"Investigate Solid-State Battery Electrolyte Conductance mechanisms in Chemistry (Medium complexity, Unexpected Observation style).",Next-generation lithium-sulfur solid state energy storage cells.,Unpredicted secondary peak observed in Garnet-type LLZO lithium lanthanum zirconium oxide ceramics transcriptomic expression during Solid-State Battery Electrolyte Conductance exposure.,Unclear causal pathway governing Solid-State Battery Electrolyte Conductance under varying experimental conditions.,Lack of high-resolution quantitative tracking for Lithium-ion interfacial impedance & dendritic growth limit.,Targeted activation of Lithium-ion interfacial impedance & dendritic growth limit governs Solid-State Battery Electrolyte Conductance.,Observed variations in Solid-State Battery Electrolyte Conductance are driven by alternative metabolic or environmental feedback loops.,"Primary hypothesis partially supported, but an unexpected alternative pathway emerged.",Discovery of an unpredicted anomalous mechanism challenges prevailing domain models.
bm-chemis-har-019-ea8d,dataset-genome-benchmark-v1.0,Chemistry,Hard,Positive Result,"Investigate MOF Photoreduction Catalysis mechanisms in Chemistry (Hard complexity, Positive Result style).",Solar-driven carbon dioxide conversion to synthetic C2 hydrocarbon fuels.,High-precision measurements of Metal-organic framework (Cu-ZIF-8) porous crystals demonstrate a statistically significant 3.8-fold shift in response.,Unclear causal pathway governing MOF Photoreduction Catalysis under varying experimental conditions.,Lack of high-resolution quantitative tracking for Interfacial Cu-N active site charge transfer lifetime.,Targeted activation of Interfacial Cu-N active site charge transfer lifetime governs MOF Photoreduction Catalysis.,Observed variations in MOF Photoreduction Catalysis are driven by alternative metabolic or environmental feedback loops.,Primary hypothesis supported; key evaluation metrics show > 3.5-fold improvement.,Target mechanism confirmed as the primary driver of observed empirical phenomena.
bm-chemis-exp-020-e8c2,dataset-genome-benchmark-v1.0,Chemistry,Expert,Negative Result,"Investigate Solid-State Battery Electrolyte Conductance mechanisms in Chemistry (Expert complexity, Negative Result style).",Next-generation lithium-sulfur solid state energy storage cells.,Empirical testing revealed no significant shift in Garnet-type LLZO lithium lanthanum zirconium oxide ceramics response under target treatment (p = 0.42).,Unclear causal pathway governing Solid-State Battery Electrolyte Conductance under varying experimental conditions.,Lack of high-resolution quantitative tracking for Lithium-ion interfacial impedance & dendritic growth limit.,Targeted activation of Lithium-ion interfacial impedance & dendritic growth limit governs Solid-State Battery Electrolyte Conductance.,Observed variations in Solid-State Battery Electrolyte Conductance are driven by alternative metabolic or environmental feedback loops.,Primary hypothesis disproved; treatment effect remains within null control bounds (Delta < 0.05).,"Rigorous testing confirms a null relationship, refuting earlier uncalibrated models."
bm-physic-eas-001-3207,dataset-genome-benchmark-v1.0,Physics,Easy,Ambiguous Result,"Investigate Topological Flat-Band Graphene Superconductivity mechanisms in Physics (Easy complexity, Ambiguous Result style).",Cryogenic transport measurements in magic-angle (1.1°) twisted bilayer graphene.,"Assay results for Twisted heterostructure moiré superlattices yielded high variance across replicates (95% CI [-0.12, 0.48]).",Unclear causal pathway governing Topological Flat-Band Graphene Superconductivity under varying experimental conditions.,Lack of high-resolution quantitative tracking for Quantized Hall resistance peaks & Chern number topological invariant.,Targeted activation of Quantized Hall resistance peaks & Chern number topological invariant governs Topological Flat-Band Graphene Superconductivity.,Observed variations in Topological Flat-Band Graphene Superconductivity are driven by alternative metabolic or environmental feedback loops.,Inconclusive trend observed; secondary power analysis indicates need for 4x larger sample cohort.,"Evidence remains inconclusive, highlighting critical measurement noise and confounding factors."
bm-physic-med-002-971b,dataset-genome-benchmark-v1.0,Physics,Medium,Conflicting Literature,"Investigate Photonic Quantum Entanglement Gates mechanisms in Physics (Medium complexity, Conflicting Literature style).",Integrated silicon-photonics quantum processor execution.,High-precision measurements of Integrated optical micro-ring resonators demonstrate a statistically significant 3.8-fold shift in response.,Unclear causal pathway governing Photonic Quantum Entanglement Gates under varying experimental conditions.,Lack of high-resolution quantitative tracking for NOON-state photon pair generation rate & bell fidelity.,Targeted activation of NOON-state photon pair generation rate & bell fidelity governs Photonic Quantum Entanglement Gates.,Observed variations in Photonic Quantum Entanglement Gates are driven by alternative metabolic or environmental feedback loops.,Primary hypothesis supported; key evaluation metrics show > 3.5-fold improvement.,Target mechanism confirmed as the primary driver of observed empirical phenomena.
bm-physic-har-003-521f,dataset-genome-benchmark-v1.0,Physics,Hard,Failed Experiment,"Investigate Topological Flat-Band Graphene Superconductivity mechanisms in Physics (Hard complexity, Failed Experiment style).",Cryogenic transport measurements in magic-angle (1.1°) twisted bilayer graphene.,Severe measurement artifact detected due to calibration drift during Topological Flat-Band Graphene Superconductivity assay execution.,Unclear causal pathway governing Topological Flat-Band Graphene Superconductivity under varying experimental conditions.,Lack of high-resolution quantitative tracking for Quantized Hall resistance peaks & Chern number topological invariant.,Targeted activation of Quantized Hall resistance peaks & Chern number topological invariant governs Topological Flat-Band Graphene Superconductivity.,Observed variations in Topological Flat-Band Graphene Superconductivity are driven by alternative metabolic or environmental feedback loops.,Experimental trial invalidated by thermal control breakdown at t=24h.,"Trial failed due to physical measurement artifacts, mandating revised experimental protocols."
bm-physic-exp-004-7348,dataset-genome-benchmark-v1.0,Physics,Expert,Replication Study,"Investigate Photonic Quantum Entanglement Gates mechanisms in Physics (Expert complexity, Replication Study style).",Integrated silicon-photonics quantum processor execution.,Replication trial evaluated original landmark findings for Photonic Quantum Entanglement Gates in Integrated optical micro-ring resonators under revised controls.,Unclear causal pathway governing Photonic Quantum Entanglement Gates under varying experimental conditions.,Lack of high-resolution quantitative tracking for NOON-state photon pair generation rate & bell fidelity.,Targeted activation of NOON-state photon pair generation rate & bell fidelity governs Photonic Quantum Entanglement Gates.,Observed variations in Photonic Quantum Entanglement Gates are driven by alternative metabolic or environmental feedback loops.,"Landmark effect reproduced with high fidelity (R² = 0.94, p < 0.001).",Replication confirms robust generalizability of the original scientific phenomenon.
bm-physic-eas-005-72c1,dataset-genome-benchmark-v1.0,Physics,Easy,Unexpected Observation,"Investigate Topological Flat-Band Graphene Superconductivity mechanisms in Physics (Easy complexity, Unexpected Observation style).",Cryogenic transport measurements in magic-angle (1.1°) twisted bilayer graphene.,Unpredicted secondary peak observed in Twisted heterostructure moiré superlattices transcriptomic expression during Topological Flat-Band Graphene Superconductivity exposure.,Unclear causal pathway governing Topological Flat-Band Graphene Superconductivity under varying experimental conditions.,Lack of high-resolution quantitative tracking for Quantized Hall resistance peaks & Chern number topological invariant.,Targeted activation of Quantized Hall resistance peaks & Chern number topological invariant governs Topological Flat-Band Graphene Superconductivity.,Observed variations in Topological Flat-Band Graphene Superconductivity are driven by alternative metabolic or environmental feedback loops.,"Primary hypothesis partially supported, but an unexpected alternative pathway emerged.",Discovery of an unpredicted anomalous mechanism challenges prevailing domain models.
bm-physic-med-006-1abe,dataset-genome-benchmark-v1.0,Physics,Medium,Positive Result,"Investigate Photonic Quantum Entanglement Gates mechanisms in Physics (Medium complexity, Positive Result style).",Integrated silicon-photonics quantum processor execution.,High-precision measurements of Integrated optical micro-ring resonators demonstrate a statistically significant 3.8-fold shift in response.,Unclear causal pathway governing Photonic Quantum Entanglement Gates under varying experimental conditions.,Lack of high-resolution quantitative tracking for NOON-state photon pair generation rate & bell fidelity.,Targeted activation of NOON-state photon pair generation rate & bell fidelity governs Photonic Quantum Entanglement Gates.,Observed variations in Photonic Quantum Entanglement Gates are driven by alternative metabolic or environmental feedback loops.,Primary hypothesis supported; key evaluation metrics show > 3.5-fold improvement.,Target mechanism confirmed as the primary driver of observed empirical phenomena.
bm-physic-har-007-110b,dataset-genome-benchmark-v1.0,Physics,Hard,Negative Result,"Investigate Topological Flat-Band Graphene Superconductivity mechanisms in Physics (Hard complexity, Negative Result style).",Cryogenic transport measurements in magic-angle (1.1°) twisted bilayer graphene.,Empirical testing revealed no significant shift in Twisted heterostructure moiré superlattices response under target treatment (p = 0.42).,Unclear causal pathway governing Topological Flat-Band Graphene Superconductivity under varying experimental conditions.,Lack of high-resolution quantitative tracking for Quantized Hall resistance peaks & Chern number topological invariant.,Targeted activation of Quantized Hall resistance peaks & Chern number topological invariant governs Topological Flat-Band Graphene Superconductivity.,Observed variations in Topological Flat-Band Graphene Superconductivity are driven by alternative metabolic or environmental feedback loops.,Primary hypothesis disproved; treatment effect remains within null control bounds (Delta < 0.05).,"Rigorous testing confirms a null relationship, refuting earlier uncalibrated models."
bm-physic-exp-008-7687,dataset-genome-benchmark-v1.0,Physics,Expert,Ambiguous Result,"Investigate Photonic Quantum Entanglement Gates mechanisms in Physics (Expert complexity, Ambiguous Result style).",Integrated silicon-photonics quantum processor execution.,"Assay results for Integrated optical micro-ring resonators yielded high variance across replicates (95% CI [-0.12, 0.48]).",Unclear causal pathway governing Photonic Quantum Entanglement Gates under varying experimental conditions.,Lack of high-resolution quantitative tracking for NOON-state photon pair generation rate & bell fidelity.,Targeted activation of NOON-state photon pair generation rate & bell fidelity governs Photonic Quantum Entanglement Gates.,Observed variations in Photonic Quantum Entanglement Gates are driven by alternative metabolic or environmental feedback loops.,Inconclusive trend observed; secondary power analysis indicates need for 4x larger sample cohort.,"Evidence remains inconclusive, highlighting critical measurement noise and confounding factors."
bm-physic-eas-009-ae18,dataset-genome-benchmark-v1.0,Physics,Easy,Conflicting Literature,"Investigate Topological Flat-Band Graphene Superconductivity mechanisms in Physics (Easy complexity, Conflicting Literature style).",Cryogenic transport measurements in magic-angle (1.1°) twisted bilayer graphene.,High-precision measurements of Twisted heterostructure moiré superlattices demonstrate a statistically significant 3.8-fold shift in response.,Unclear causal pathway governing Topological Flat-Band Graphene Superconductivity under varying experimental conditions.,Lack of high-resolution quantitative tracking for Quantized Hall resistance peaks & Chern number topological invariant.,Targeted activation of Quantized Hall resistance peaks & Chern number topological invariant governs Topological Flat-Band Graphene Superconductivity.,Observed variations in Topological Flat-Band Graphene Superconductivity are driven by alternative metabolic or environmental feedback loops.,Primary hypothesis supported; key evaluation metrics show > 3.5-fold improvement.,Target mechanism confirmed as the primary driver of observed empirical phenomena.
bm-physic-med-010-f972,dataset-genome-benchmark-v1.0,Physics,Medium,Failed Experiment,"Investigate Photonic Quantum Entanglement Gates mechanisms in Physics (Medium complexity, Failed Experiment style).",Integrated silicon-photonics quantum processor execution.,Severe measurement artifact detected due to calibration drift during Photonic Quantum Entanglement Gates assay execution.,Unclear causal pathway governing Photonic Quantum Entanglement Gates under varying experimental conditions.,Lack of high-resolution quantitative tracking for NOON-state photon pair generation rate & bell fidelity.,Targeted activation of NOON-state photon pair generation rate & bell fidelity governs Photonic Quantum Entanglement Gates.,Observed variations in Photonic Quantum Entanglement Gates are driven by alternative metabolic or environmental feedback loops.,Experimental trial invalidated by thermal control breakdown at t=24h.,"Trial failed due to physical measurement artifacts, mandating revised experimental protocols."
bm-physic-har-011-7b17,dataset-genome-benchmark-v1.0,Physics,Hard,Replication Study,"Investigate Topological Flat-Band Graphene Superconductivity mechanisms in Physics (Hard complexity, Replication Study style).",Cryogenic transport measurements in magic-angle (1.1°) twisted bilayer graphene.,Replication trial evaluated original landmark findings for Topological Flat-Band Graphene Superconductivity in Twisted heterostructure moiré superlattices under revised controls.,Unclear causal pathway governing Topological Flat-Band Graphene Superconductivity under varying experimental conditions.,Lack of high-resolution quantitative tracking for Quantized Hall resistance peaks & Chern number topological invariant.,Targeted activation of Quantized Hall resistance peaks & Chern number topological invariant governs Topological Flat-Band Graphene Superconductivity.,Observed variations in Topological Flat-Band Graphene Superconductivity are driven by alternative metabolic or environmental feedback loops.,"Landmark effect reproduced with high fidelity (R² = 0.94, p < 0.001).",Replication confirms robust generalizability of the original scientific phenomenon.
bm-physic-exp-012-10b0,dataset-genome-benchmark-v1.0,Physics,Expert,Unexpected Observation,"Investigate Photonic Quantum Entanglement Gates mechanisms in Physics (Expert complexity, Unexpected Observation style).",Integrated silicon-photonics quantum processor execution.,Unpredicted secondary peak observed in Integrated optical micro-ring resonators transcriptomic expression during Photonic Quantum Entanglement Gates exposure.,Unclear causal pathway governing Photonic Quantum Entanglement Gates under varying experimental conditions.,Lack of high-resolution quantitative tracking for NOON-state photon pair generation rate & bell fidelity.,Targeted activation of NOON-state photon pair generation rate & bell fidelity governs Photonic Quantum Entanglement Gates.,Observed variations in Photonic Quantum Entanglement Gates are driven by alternative metabolic or environmental feedback loops.,"Primary hypothesis partially supported, but an unexpected alternative pathway emerged.",Discovery of an unpredicted anomalous mechanism challenges prevailing domain models.
bm-physic-eas-013-2ff8,dataset-genome-benchmark-v1.0,Physics,Easy,Positive Result,"Investigate Topological Flat-Band Graphene Superconductivity mechanisms in Physics (Easy complexity, Positive Result style).",Cryogenic transport measurements in magic-angle (1.1°) twisted bilayer graphene.,High-precision measurements of Twisted heterostructure moiré superlattices demonstrate a statistically significant 3.8-fold shift in response.,Unclear causal pathway governing Topological Flat-Band Graphene Superconductivity under varying experimental conditions.,Lack of high-resolution quantitative tracking for Quantized Hall resistance peaks & Chern number topological invariant.,Targeted activation of Quantized Hall resistance peaks & Chern number topological invariant governs Topological Flat-Band Graphene Superconductivity.,Observed variations in Topological Flat-Band Graphene Superconductivity are driven by alternative metabolic or environmental feedback loops.,Primary hypothesis supported; key evaluation metrics show > 3.5-fold improvement.,Target mechanism confirmed as the primary driver of observed empirical phenomena.
bm-physic-med-014-0415,dataset-genome-benchmark-v1.0,Physics,Medium,Negative Result,"Investigate Photonic Quantum Entanglement Gates mechanisms in Physics (Medium complexity, Negative Result style).",Integrated silicon-photonics quantum processor execution.,Empirical testing revealed no significant shift in Integrated optical micro-ring resonators response under target treatment (p = 0.42).,Unclear causal pathway governing Photonic Quantum Entanglement Gates under varying experimental conditions.,Lack of high-resolution quantitative tracking for NOON-state photon pair generation rate & bell fidelity.,Targeted activation of NOON-state photon pair generation rate & bell fidelity governs Photonic Quantum Entanglement Gates.,Observed variations in Photonic Quantum Entanglement Gates are driven by alternative metabolic or environmental feedback loops.,Primary hypothesis disproved; treatment effect remains within null control bounds (Delta < 0.05).,"Rigorous testing confirms a null relationship, refuting earlier uncalibrated models."
bm-physic-har-015-43ec,dataset-genome-benchmark-v1.0,Physics,Hard,Ambiguous Result,"Investigate Topological Flat-Band Graphene Superconductivity mechanisms in Physics (Hard complexity, Ambiguous Result style).",Cryogenic transport measurements in magic-angle (1.1°) twisted bilayer graphene.,"Assay results for Twisted heterostructure moiré superlattices yielded high variance across replicates (95% CI [-0.12, 0.48]).",Unclear causal pathway governing Topological Flat-Band Graphene Superconductivity under varying experimental conditions.,Lack of high-resolution quantitative tracking for Quantized Hall resistance peaks & Chern number topological invariant.,Targeted activation of Quantized Hall resistance peaks & Chern number topological invariant governs Topological Flat-Band Graphene Superconductivity.,Observed variations in Topological Flat-Band Graphene Superconductivity are driven by alternative metabolic or environmental feedback loops.,Inconclusive trend observed; secondary power analysis indicates need for 4x larger sample cohort.,"Evidence remains inconclusive, highlighting critical measurement noise and confounding factors."
bm-physic-exp-016-bdaf,dataset-genome-benchmark-v1.0,Physics,Expert,Conflicting Literature,"Investigate Photonic Quantum Entanglement Gates mechanisms in Physics (Expert complexity, Conflicting Literature style).",Integrated silicon-photonics quantum processor execution.,High-precision measurements of Integrated optical micro-ring resonators demonstrate a statistically significant 3.8-fold shift in response.,Unclear causal pathway governing Photonic Quantum Entanglement Gates under varying experimental conditions.,Lack of high-resolution quantitative tracking for NOON-state photon pair generation rate & bell fidelity.,Targeted activation of NOON-state photon pair generation rate & bell fidelity governs Photonic Quantum Entanglement Gates.,Observed variations in Photonic Quantum Entanglement Gates are driven by alternative metabolic or environmental feedback loops.,Primary hypothesis supported; key evaluation metrics show > 3.5-fold improvement.,Target mechanism confirmed as the primary driver of observed empirical phenomena.
bm-physic-eas-017-f35f,dataset-genome-benchmark-v1.0,Physics,Easy,Failed Experiment,"Investigate Topological Flat-Band Graphene Superconductivity mechanisms in Physics (Easy complexity, Failed Experiment style).",Cryogenic transport measurements in magic-angle (1.1°) twisted bilayer graphene.,Severe measurement artifact detected due to calibration drift during Topological Flat-Band Graphene Superconductivity assay execution.,Unclear causal pathway governing Topological Flat-Band Graphene Superconductivity under varying experimental conditions.,Lack of high-resolution quantitative tracking for Quantized Hall resistance peaks & Chern number topological invariant.,Targeted activation of Quantized Hall resistance peaks & Chern number topological invariant governs Topological Flat-Band Graphene Superconductivity.,Observed variations in Topological Flat-Band Graphene Superconductivity are driven by alternative metabolic or environmental feedback loops.,Experimental trial invalidated by thermal control breakdown at t=24h.,"Trial failed due to physical measurement artifacts, mandating revised experimental protocols."
bm-physic-med-018-cd35,dataset-genome-benchmark-v1.0,Physics,Medium,Replication Study,"Investigate Photonic Quantum Entanglement Gates mechanisms in Physics (Medium complexity, Replication Study style).",Integrated silicon-photonics quantum processor execution.,Replication trial evaluated original landmark findings for Photonic Quantum Entanglement Gates in Integrated optical micro-ring resonators under revised controls.,Unclear causal pathway governing Photonic Quantum Entanglement Gates under varying experimental conditions.,Lack of high-resolution quantitative tracking for NOON-state photon pair generation rate & bell fidelity.,Targeted activation of NOON-state photon pair generation rate & bell fidelity governs Photonic Quantum Entanglement Gates.,Observed variations in Photonic Quantum Entanglement Gates are driven by alternative metabolic or environmental feedback loops.,"Landmark effect reproduced with high fidelity (R² = 0.94, p < 0.001).",Replication confirms robust generalizability of the original scientific phenomenon.
bm-physic-har-019-e63c,dataset-genome-benchmark-v1.0,Physics,Hard,Unexpected Observation,"Investigate Topological Flat-Band Graphene Superconductivity mechanisms in Physics (Hard complexity, Unexpected Observation style).",Cryogenic transport measurements in magic-angle (1.1°) twisted bilayer graphene.,Unpredicted secondary peak observed in Twisted heterostructure moiré superlattices transcriptomic expression during Topological Flat-Band Graphene Superconductivity exposure.,Unclear causal pathway governing Topological Flat-Band Graphene Superconductivity under varying experimental conditions.,Lack of high-resolution quantitative tracking for Quantized Hall resistance peaks & Chern number topological invariant.,Targeted activation of Quantized Hall resistance peaks & Chern number topological invariant governs Topological Flat-Band Graphene Superconductivity.,Observed variations in Topological Flat-Band Graphene Superconductivity are driven by alternative metabolic or environmental feedback loops.,"Primary hypothesis partially supported, but an unexpected alternative pathway emerged.",Discovery of an unpredicted anomalous mechanism challenges prevailing domain models.
bm-physic-exp-020-33d0,dataset-genome-benchmark-v1.0,Physics,Expert,Positive Result,"Investigate Photonic Quantum Entanglement Gates mechanisms in Physics (Expert complexity, Positive Result style).",Integrated silicon-photonics quantum processor execution.,High-precision measurements of Integrated optical micro-ring resonators demonstrate a statistically significant 3.8-fold shift in response.,Unclear causal pathway governing Photonic Quantum Entanglement Gates under varying experimental conditions.,Lack of high-resolution quantitative tracking for NOON-state photon pair generation rate & bell fidelity.,Targeted activation of NOON-state photon pair generation rate & bell fidelity governs Photonic Quantum Entanglement Gates.,Observed variations in Photonic Quantum Entanglement Gates are driven by alternative metabolic or environmental feedback loops.,Primary hypothesis supported; key evaluation metrics show > 3.5-fold improvement.,Target mechanism confirmed as the primary driver of observed empirical phenomena.
bm-mathem-eas-001-d50e,dataset-genome-benchmark-v1.0,Mathematics,Easy,Negative Result,"Investigate Non-Linear PDE Fluid Stability mechanisms in Mathematics (Easy complexity, Negative Result style).",Navier-Stokes smooth solution global existence and energy conservation bounds.,Empirical testing revealed no significant shift in 3D incompressible fluid continuum domain response under target treatment (p = 0.42).,Unclear causal pathway governing Non-Linear PDE Fluid Stability under varying experimental conditions.,Lack of high-resolution quantitative tracking for Sobolev norm ||u||_H^s & vorticity directional alignment.,Targeted activation of Sobolev norm ||u||_H^s & vorticity directional alignment governs Non-Linear PDE Fluid Stability.,Observed variations in Non-Linear PDE Fluid Stability are driven by alternative metabolic or environmental feedback loops.,Primary hypothesis disproved; treatment effect remains within null control bounds (Delta < 0.05).,"Rigorous testing confirms a null relationship, refuting earlier uncalibrated models."
bm-mathem-med-002-a9d3,dataset-genome-benchmark-v1.0,Mathematics,Medium,Ambiguous Result,"Investigate Non-Linear PDE Fluid Stability mechanisms in Mathematics (Medium complexity, Ambiguous Result style).",Navier-Stokes smooth solution global existence and energy conservation bounds.,"Assay results for 3D incompressible fluid continuum domain yielded high variance across replicates (95% CI [-0.12, 0.48]).",Unclear causal pathway governing Non-Linear PDE Fluid Stability under varying experimental conditions.,Lack of high-resolution quantitative tracking for Sobolev norm ||u||_H^s & vorticity directional alignment.,Targeted activation of Sobolev norm ||u||_H^s & vorticity directional alignment governs Non-Linear PDE Fluid Stability.,Observed variations in Non-Linear PDE Fluid Stability are driven by alternative metabolic or environmental feedback loops.,Inconclusive trend observed; secondary power analysis indicates need for 4x larger sample cohort.,"Evidence remains inconclusive, highlighting critical measurement noise and confounding factors."
bm-mathem-har-003-d2ff,dataset-genome-benchmark-v1.0,Mathematics,Hard,Conflicting Literature,"Investigate Non-Linear PDE Fluid Stability mechanisms in Mathematics (Hard complexity, Conflicting Literature style).",Navier-Stokes smooth solution global existence and energy conservation bounds.,High-precision measurements of 3D incompressible fluid continuum domain demonstrate a statistically significant 3.8-fold shift in response.,Unclear causal pathway governing Non-Linear PDE Fluid Stability under varying experimental conditions.,Lack of high-resolution quantitative tracking for Sobolev norm ||u||_H^s & vorticity directional alignment.,Targeted activation of Sobolev norm ||u||_H^s & vorticity directional alignment governs Non-Linear PDE Fluid Stability.,Observed variations in Non-Linear PDE Fluid Stability are driven by alternative metabolic or environmental feedback loops.,Primary hypothesis supported; key evaluation metrics show > 3.5-fold improvement.,Target mechanism confirmed as the primary driver of observed empirical phenomena.
bm-mathem-exp-004-799b,dataset-genome-benchmark-v1.0,Mathematics,Expert,Failed Experiment,"Investigate Non-Linear PDE Fluid Stability mechanisms in Mathematics (Expert complexity, Failed Experiment style).",Navier-Stokes smooth solution global existence and energy conservation bounds.,Severe measurement artifact detected due to calibration drift during Non-Linear PDE Fluid Stability assay execution.,Unclear causal pathway governing Non-Linear PDE Fluid Stability under varying experimental conditions.,Lack of high-resolution quantitative tracking for Sobolev norm ||u||_H^s & vorticity directional alignment.,Targeted activation of Sobolev norm ||u||_H^s & vorticity directional alignment governs Non-Linear PDE Fluid Stability.,Observed variations in Non-Linear PDE Fluid Stability are driven by alternative metabolic or environmental feedback loops.,Experimental trial invalidated by thermal control breakdown at t=24h.,"Trial failed due to physical measurement artifacts, mandating revised experimental protocols."
bm-mathem-eas-005-fc49,dataset-genome-benchmark-v1.0,Mathematics,Easy,Replication Study,"Investigate Non-Linear PDE Fluid Stability mechanisms in Mathematics (Easy complexity, Replication Study style).",Navier-Stokes smooth solution global existence and energy conservation bounds.,Replication trial evaluated original landmark findings for Non-Linear PDE Fluid Stability in 3D incompressible fluid continuum domain under revised controls.,Unclear causal pathway governing Non-Linear PDE Fluid Stability under varying experimental conditions.,Lack of high-resolution quantitative tracking for Sobolev norm ||u||_H^s & vorticity directional alignment.,Targeted activation of Sobolev norm ||u||_H^s & vorticity directional alignment governs Non-Linear PDE Fluid Stability.,Observed variations in Non-Linear PDE Fluid Stability are driven by alternative metabolic or environmental feedback loops.,"Landmark effect reproduced with high fidelity (R² = 0.94, p < 0.001).",Replication confirms robust generalizability of the original scientific phenomenon.
bm-mathem-med-006-7ebe,dataset-genome-benchmark-v1.0,Mathematics,Medium,Unexpected Observation,"Investigate Non-Linear PDE Fluid Stability mechanisms in Mathematics (Medium complexity, Unexpected Observation style).",Navier-Stokes smooth solution global existence and energy conservation bounds.,Unpredicted secondary peak observed in 3D incompressible fluid continuum domain transcriptomic expression during Non-Linear PDE Fluid Stability exposure.,Unclear causal pathway governing Non-Linear PDE Fluid Stability under varying experimental conditions.,Lack of high-resolution quantitative tracking for Sobolev norm ||u||_H^s & vorticity directional alignment.,Targeted activation of Sobolev norm ||u||_H^s & vorticity directional alignment governs Non-Linear PDE Fluid Stability.,Observed variations in Non-Linear PDE Fluid Stability are driven by alternative metabolic or environmental feedback loops.,"Primary hypothesis partially supported, but an unexpected alternative pathway emerged.",Discovery of an unpredicted anomalous mechanism challenges prevailing domain models.
bm-mathem-har-007-539e,dataset-genome-benchmark-v1.0,Mathematics,Hard,Positive Result,"Investigate Non-Linear PDE Fluid Stability mechanisms in Mathematics (Hard complexity, Positive Result style).",Navier-Stokes smooth solution global existence and energy conservation bounds.,High-precision measurements of 3D incompressible fluid continuum domain demonstrate a statistically significant 3.8-fold shift in response.,Unclear causal pathway governing Non-Linear PDE Fluid Stability under varying experimental conditions.,Lack of high-resolution quantitative tracking for Sobolev norm ||u||_H^s & vorticity directional alignment.,Targeted activation of Sobolev norm ||u||_H^s & vorticity directional alignment governs Non-Linear PDE Fluid Stability.,Observed variations in Non-Linear PDE Fluid Stability are driven by alternative metabolic or environmental feedback loops.,Primary hypothesis supported; key evaluation metrics show > 3.5-fold improvement.,Target mechanism confirmed as the primary driver of observed empirical phenomena.
bm-mathem-exp-008-2236,dataset-genome-benchmark-v1.0,Mathematics,Expert,Negative Result,"Investigate Non-Linear PDE Fluid Stability mechanisms in Mathematics (Expert complexity, Negative Result style).",Navier-Stokes smooth solution global existence and energy conservation bounds.,Empirical testing revealed no significant shift in 3D incompressible fluid continuum domain response under target treatment (p = 0.42).,Unclear causal pathway governing Non-Linear PDE Fluid Stability under varying experimental conditions.,Lack of high-resolution quantitative tracking for Sobolev norm ||u||_H^s & vorticity directional alignment.,Targeted activation of Sobolev norm ||u||_H^s & vorticity directional alignment governs Non-Linear PDE Fluid Stability.,Observed variations in Non-Linear PDE Fluid Stability are driven by alternative metabolic or environmental feedback loops.,Primary hypothesis disproved; treatment effect remains within null control bounds (Delta < 0.05).,"Rigorous testing confirms a null relationship, refuting earlier uncalibrated models."
bm-mathem-eas-009-d568,dataset-genome-benchmark-v1.0,Mathematics,Easy,Ambiguous Result,"Investigate Non-Linear PDE Fluid Stability mechanisms in Mathematics (Easy complexity, Ambiguous Result style).",Navier-Stokes smooth solution global existence and energy conservation bounds.,"Assay results for 3D incompressible fluid continuum domain yielded high variance across replicates (95% CI [-0.12, 0.48]).",Unclear causal pathway governing Non-Linear PDE Fluid Stability under varying experimental conditions.,Lack of high-resolution quantitative tracking for Sobolev norm ||u||_H^s & vorticity directional alignment.,Targeted activation of Sobolev norm ||u||_H^s & vorticity directional alignment governs Non-Linear PDE Fluid Stability.,Observed variations in Non-Linear PDE Fluid Stability are driven by alternative metabolic or environmental feedback loops.,Inconclusive trend observed; secondary power analysis indicates need for 4x larger sample cohort.,"Evidence remains inconclusive, highlighting critical measurement noise and confounding factors."
bm-mathem-med-010-4574,dataset-genome-benchmark-v1.0,Mathematics,Medium,Conflicting Literature,"Investigate Non-Linear PDE Fluid Stability mechanisms in Mathematics (Medium complexity, Conflicting Literature style).",Navier-Stokes smooth solution global existence and energy conservation bounds.,High-precision measurements of 3D incompressible fluid continuum domain demonstrate a statistically significant 3.8-fold shift in response.,Unclear causal pathway governing Non-Linear PDE Fluid Stability under varying experimental conditions.,Lack of high-resolution quantitative tracking for Sobolev norm ||u||_H^s & vorticity directional alignment.,Targeted activation of Sobolev norm ||u||_H^s & vorticity directional alignment governs Non-Linear PDE Fluid Stability.,Observed variations in Non-Linear PDE Fluid Stability are driven by alternative metabolic or environmental feedback loops.,Primary hypothesis supported; key evaluation metrics show > 3.5-fold improvement.,Target mechanism confirmed as the primary driver of observed empirical phenomena.
bm-mathem-har-011-519d,dataset-genome-benchmark-v1.0,Mathematics,Hard,Failed Experiment,"Investigate Non-Linear PDE Fluid Stability mechanisms in Mathematics (Hard complexity, Failed Experiment style).",Navier-Stokes smooth solution global existence and energy conservation bounds.,Severe measurement artifact detected due to calibration drift during Non-Linear PDE Fluid Stability assay execution.,Unclear causal pathway governing Non-Linear PDE Fluid Stability under varying experimental conditions.,Lack of high-resolution quantitative tracking for Sobolev norm ||u||_H^s & vorticity directional alignment.,Targeted activation of Sobolev norm ||u||_H^s & vorticity directional alignment governs Non-Linear PDE Fluid Stability.,Observed variations in Non-Linear PDE Fluid Stability are driven by alternative metabolic or environmental feedback loops.,Experimental trial invalidated by thermal control breakdown at t=24h.,"Trial failed due to physical measurement artifacts, mandating revised experimental protocols."
bm-mathem-exp-012-c8cc,dataset-genome-benchmark-v1.0,Mathematics,Expert,Replication Study,"Investigate Non-Linear PDE Fluid Stability mechanisms in Mathematics (Expert complexity, Replication Study style).",Navier-Stokes smooth solution global existence and energy conservation bounds.,Replication trial evaluated original landmark findings for Non-Linear PDE Fluid Stability in 3D incompressible fluid continuum domain under revised controls.,Unclear causal pathway governing Non-Linear PDE Fluid Stability under varying experimental conditions.,Lack of high-resolution quantitative tracking for Sobolev norm ||u||_H^s & vorticity directional alignment.,Targeted activation of Sobolev norm ||u||_H^s & vorticity directional alignment governs Non-Linear PDE Fluid Stability.,Observed variations in Non-Linear PDE Fluid Stability are driven by alternative metabolic or environmental feedback loops.,"Landmark effect reproduced with high fidelity (R² = 0.94, p < 0.001).",Replication confirms robust generalizability of the original scientific phenomenon.
bm-mathem-eas-013-b9d2,dataset-genome-benchmark-v1.0,Mathematics,Easy,Unexpected Observation,"Investigate Non-Linear PDE Fluid Stability mechanisms in Mathematics (Easy complexity, Unexpected Observation style).",Navier-Stokes smooth solution global existence and energy conservation bounds.,Unpredicted secondary peak observed in 3D incompressible fluid continuum domain transcriptomic expression during Non-Linear PDE Fluid Stability exposure.,Unclear causal pathway governing Non-Linear PDE Fluid Stability under varying experimental conditions.,Lack of high-resolution quantitative tracking for Sobolev norm ||u||_H^s & vorticity directional alignment.,Targeted activation of Sobolev norm ||u||_H^s & vorticity directional alignment governs Non-Linear PDE Fluid Stability.,Observed variations in Non-Linear PDE Fluid Stability are driven by alternative metabolic or environmental feedback loops.,"Primary hypothesis partially supported, but an unexpected alternative pathway emerged.",Discovery of an unpredicted anomalous mechanism challenges prevailing domain models.
bm-mathem-med-014-be4d,dataset-genome-benchmark-v1.0,Mathematics,Medium,Positive Result,"Investigate Non-Linear PDE Fluid Stability mechanisms in Mathematics (Medium complexity, Positive Result style).",Navier-Stokes smooth solution global existence and energy conservation bounds.,High-precision measurements of 3D incompressible fluid continuum domain demonstrate a statistically significant 3.8-fold shift in response.,Unclear causal pathway governing Non-Linear PDE Fluid Stability under varying experimental conditions.,Lack of high-resolution quantitative tracking for Sobolev norm ||u||_H^s & vorticity directional alignment.,Targeted activation of Sobolev norm ||u||_H^s & vorticity directional alignment governs Non-Linear PDE Fluid Stability.,Observed variations in Non-Linear PDE Fluid Stability are driven by alternative metabolic or environmental feedback loops.,Primary hypothesis supported; key evaluation metrics show > 3.5-fold improvement.,Target mechanism confirmed as the primary driver of observed empirical phenomena.
bm-mathem-har-015-8e33,dataset-genome-benchmark-v1.0,Mathematics,Hard,Negative Result,"Investigate Non-Linear PDE Fluid Stability mechanisms in Mathematics (Hard complexity, Negative Result style).",Navier-Stokes smooth solution global existence and energy conservation bounds.,Empirical testing revealed no significant shift in 3D incompressible fluid continuum domain response under target treatment (p = 0.42).,Unclear causal pathway governing Non-Linear PDE Fluid Stability under varying experimental conditions.,Lack of high-resolution quantitative tracking for Sobolev norm ||u||_H^s & vorticity directional alignment.,Targeted activation of Sobolev norm ||u||_H^s & vorticity directional alignment governs Non-Linear PDE Fluid Stability.,Observed variations in Non-Linear PDE Fluid Stability are driven by alternative metabolic or environmental feedback loops.,Primary hypothesis disproved; treatment effect remains within null control bounds (Delta < 0.05).,"Rigorous testing confirms a null relationship, refuting earlier uncalibrated models."
bm-mathem-exp-016-9701,dataset-genome-benchmark-v1.0,Mathematics,Expert,Ambiguous Result,"Investigate Non-Linear PDE Fluid Stability mechanisms in Mathematics (Expert complexity, Ambiguous Result style).",Navier-Stokes smooth solution global existence and energy conservation bounds.,"Assay results for 3D incompressible fluid continuum domain yielded high variance across replicates (95% CI [-0.12, 0.48]).",Unclear causal pathway governing Non-Linear PDE Fluid Stability under varying experimental conditions.,Lack of high-resolution quantitative tracking for Sobolev norm ||u||_H^s & vorticity directional alignment.,Targeted activation of Sobolev norm ||u||_H^s & vorticity directional alignment governs Non-Linear PDE Fluid Stability.,Observed variations in Non-Linear PDE Fluid Stability are driven by alternative metabolic or environmental feedback loops.,Inconclusive trend observed; secondary power analysis indicates need for 4x larger sample cohort.,"Evidence remains inconclusive, highlighting critical measurement noise and confounding factors."
bm-mathem-eas-017-c39d,dataset-genome-benchmark-v1.0,Mathematics,Easy,Conflicting Literature,"Investigate Non-Linear PDE Fluid Stability mechanisms in Mathematics (Easy complexity, Conflicting Literature style).",Navier-Stokes smooth solution global existence and energy conservation bounds.,High-precision measurements of 3D incompressible fluid continuum domain demonstrate a statistically significant 3.8-fold shift in response.,Unclear causal pathway governing Non-Linear PDE Fluid Stability under varying experimental conditions.,Lack of high-resolution quantitative tracking for Sobolev norm ||u||_H^s & vorticity directional alignment.,Targeted activation of Sobolev norm ||u||_H^s & vorticity directional alignment governs Non-Linear PDE Fluid Stability.,Observed variations in Non-Linear PDE Fluid Stability are driven by alternative metabolic or environmental feedback loops.,Primary hypothesis supported; key evaluation metrics show > 3.5-fold improvement.,Target mechanism confirmed as the primary driver of observed empirical phenomena.
bm-mathem-med-018-1dba,dataset-genome-benchmark-v1.0,Mathematics,Medium,Failed Experiment,"Investigate Non-Linear PDE Fluid Stability mechanisms in Mathematics (Medium complexity, Failed Experiment style).",Navier-Stokes smooth solution global existence and energy conservation bounds.,Severe measurement artifact detected due to calibration drift during Non-Linear PDE Fluid Stability assay execution.,Unclear causal pathway governing Non-Linear PDE Fluid Stability under varying experimental conditions.,Lack of high-resolution quantitative tracking for Sobolev norm ||u||_H^s & vorticity directional alignment.,Targeted activation of Sobolev norm ||u||_H^s & vorticity directional alignment governs Non-Linear PDE Fluid Stability.,Observed variations in Non-Linear PDE Fluid Stability are driven by alternative metabolic or environmental feedback loops.,Experimental trial invalidated by thermal control breakdown at t=24h.,"Trial failed due to physical measurement artifacts, mandating revised experimental protocols."
bm-mathem-har-019-c530,dataset-genome-benchmark-v1.0,Mathematics,Hard,Replication Study,"Investigate Non-Linear PDE Fluid Stability mechanisms in Mathematics (Hard complexity, Replication Study style).",Navier-Stokes smooth solution global existence and energy conservation bounds.,Replication trial evaluated original landmark findings for Non-Linear PDE Fluid Stability in 3D incompressible fluid continuum domain under revised controls.,Unclear causal pathway governing Non-Linear PDE Fluid Stability under varying experimental conditions.,Lack of high-resolution quantitative tracking for Sobolev norm ||u||_H^s & vorticity directional alignment.,Targeted activation of Sobolev norm ||u||_H^s & vorticity directional alignment governs Non-Linear PDE Fluid Stability.,Observed variations in Non-Linear PDE Fluid Stability are driven by alternative metabolic or environmental feedback loops.,"Landmark effect reproduced with high fidelity (R² = 0.94, p < 0.001).",Replication confirms robust generalizability of the original scientific phenomenon.
bm-mathem-exp-020-86b3,dataset-genome-benchmark-v1.0,Mathematics,Expert,Unexpected Observation,"Investigate Non-Linear PDE Fluid Stability mechanisms in Mathematics (Expert complexity, Unexpected Observation style).",Navier-Stokes smooth solution global existence and energy conservation bounds.,Unpredicted secondary peak observed in 3D incompressible fluid continuum domain transcriptomic expression during Non-Linear PDE Fluid Stability exposure.,Unclear causal pathway governing Non-Linear PDE Fluid Stability under varying experimental conditions.,Lack of high-resolution quantitative tracking for Sobolev norm ||u||_H^s & vorticity directional alignment.,Targeted activation of Sobolev norm ||u||_H^s & vorticity directional alignment governs Non-Linear PDE Fluid Stability.,Observed variations in Non-Linear PDE Fluid Stability are driven by alternative metabolic or environmental feedback loops.,"Primary hypothesis partially supported, but an unexpected alternative pathway emerged.",Discovery of an unpredicted anomalous mechanism challenges prevailing domain models.
bm-financ-eas-001-7511,dataset-genome-benchmark-v1.0,Finance,Easy,Positive Result,"Investigate Systemic Algorithmic Market Liquidity mechanisms in Finance (Easy complexity, Positive Result style).",High-frequency order book dynamics across interconnected financial exchanges.,High-precision measurements of Institutional high-frequency algorithmic liquidity providers demonstrate a statistically significant 3.8-fold shift in response.,Unclear causal pathway governing Systemic Algorithmic Market Liquidity under varying experimental conditions.,Lack of high-resolution quantitative tracking for Order cancel-to-fill ratio & cross-exchange execution correlation.,Targeted activation of Order cancel-to-fill ratio & cross-exchange execution correlation governs Systemic Algorithmic Market Liquidity.,Observed variations in Systemic Algorithmic Market Liquidity are driven by alternative metabolic or environmental feedback loops.,Primary hypothesis supported; key evaluation metrics show > 3.5-fold improvement.,Target mechanism confirmed as the primary driver of observed empirical phenomena.
bm-financ-med-002-a354,dataset-genome-benchmark-v1.0,Finance,Medium,Negative Result,"Investigate Systemic Algorithmic Market Liquidity mechanisms in Finance (Medium complexity, Negative Result style).",High-frequency order book dynamics across interconnected financial exchanges.,Empirical testing revealed no significant shift in Institutional high-frequency algorithmic liquidity providers response under target treatment (p = 0.42).,Unclear causal pathway governing Systemic Algorithmic Market Liquidity under varying experimental conditions.,Lack of high-resolution quantitative tracking for Order cancel-to-fill ratio & cross-exchange execution correlation.,Targeted activation of Order cancel-to-fill ratio & cross-exchange execution correlation governs Systemic Algorithmic Market Liquidity.,Observed variations in Systemic Algorithmic Market Liquidity are driven by alternative metabolic or environmental feedback loops.,Primary hypothesis disproved; treatment effect remains within null control bounds (Delta < 0.05).,"Rigorous testing confirms a null relationship, refuting earlier uncalibrated models."
bm-financ-har-003-06eb,dataset-genome-benchmark-v1.0,Finance,Hard,Ambiguous Result,"Investigate Systemic Algorithmic Market Liquidity mechanisms in Finance (Hard complexity, Ambiguous Result style).",High-frequency order book dynamics across interconnected financial exchanges.,"Assay results for Institutional high-frequency algorithmic liquidity providers yielded high variance across replicates (95% CI [-0.12, 0.48]).",Unclear causal pathway governing Systemic Algorithmic Market Liquidity under varying experimental conditions.,Lack of high-resolution quantitative tracking for Order cancel-to-fill ratio & cross-exchange execution correlation.,Targeted activation of Order cancel-to-fill ratio & cross-exchange execution correlation governs Systemic Algorithmic Market Liquidity.,Observed variations in Systemic Algorithmic Market Liquidity are driven by alternative metabolic or environmental feedback loops.,Inconclusive trend observed; secondary power analysis indicates need for 4x larger sample cohort.,"Evidence remains inconclusive, highlighting critical measurement noise and confounding factors."
bm-financ-exp-004-b7fe,dataset-genome-benchmark-v1.0,Finance,Expert,Conflicting Literature,"Investigate Systemic Algorithmic Market Liquidity mechanisms in Finance (Expert complexity, Conflicting Literature style).",High-frequency order book dynamics across interconnected financial exchanges.,High-precision measurements of Institutional high-frequency algorithmic liquidity providers demonstrate a statistically significant 3.8-fold shift in response.,Unclear causal pathway governing Systemic Algorithmic Market Liquidity under varying experimental conditions.,Lack of high-resolution quantitative tracking for Order cancel-to-fill ratio & cross-exchange execution correlation.,Targeted activation of Order cancel-to-fill ratio & cross-exchange execution correlation governs Systemic Algorithmic Market Liquidity.,Observed variations in Systemic Algorithmic Market Liquidity are driven by alternative metabolic or environmental feedback loops.,Primary hypothesis supported; key evaluation metrics show > 3.5-fold improvement.,Target mechanism confirmed as the primary driver of observed empirical phenomena.
bm-financ-eas-005-72b3,dataset-genome-benchmark-v1.0,Finance,Easy,Failed Experiment,"Investigate Systemic Algorithmic Market Liquidity mechanisms in Finance (Easy complexity, Failed Experiment style).",High-frequency order book dynamics across interconnected financial exchanges.,Severe measurement artifact detected due to calibration drift during Systemic Algorithmic Market Liquidity assay execution.,Unclear causal pathway governing Systemic Algorithmic Market Liquidity under varying experimental conditions.,Lack of high-resolution quantitative tracking for Order cancel-to-fill ratio & cross-exchange execution correlation.,Targeted activation of Order cancel-to-fill ratio & cross-exchange execution correlation governs Systemic Algorithmic Market Liquidity.,Observed variations in Systemic Algorithmic Market Liquidity are driven by alternative metabolic or environmental feedback loops.,Experimental trial invalidated by thermal control breakdown at t=24h.,"Trial failed due to physical measurement artifacts, mandating revised experimental protocols."
bm-financ-med-006-c6e3,dataset-genome-benchmark-v1.0,Finance,Medium,Replication Study,"Investigate Systemic Algorithmic Market Liquidity mechanisms in Finance (Medium complexity, Replication Study style).",High-frequency order book dynamics across interconnected financial exchanges.,Replication trial evaluated original landmark findings for Systemic Algorithmic Market Liquidity in Institutional high-frequency algorithmic liquidity providers under revised controls.,Unclear causal pathway governing Systemic Algorithmic Market Liquidity under varying experimental conditions.,Lack of high-resolution quantitative tracking for Order cancel-to-fill ratio & cross-exchange execution correlation.,Targeted activation of Order cancel-to-fill ratio & cross-exchange execution correlation governs Systemic Algorithmic Market Liquidity.,Observed variations in Systemic Algorithmic Market Liquidity are driven by alternative metabolic or environmental feedback loops.,"Landmark effect reproduced with high fidelity (R² = 0.94, p < 0.001).",Replication confirms robust generalizability of the original scientific phenomenon.
bm-financ-har-007-8a4c,dataset-genome-benchmark-v1.0,Finance,Hard,Unexpected Observation,"Investigate Systemic Algorithmic Market Liquidity mechanisms in Finance (Hard complexity, Unexpected Observation style).",High-frequency order book dynamics across interconnected financial exchanges.,Unpredicted secondary peak observed in Institutional high-frequency algorithmic liquidity providers transcriptomic expression during Systemic Algorithmic Market Liquidity exposure.,Unclear causal pathway governing Systemic Algorithmic Market Liquidity under varying experimental conditions.,Lack of high-resolution quantitative tracking for Order cancel-to-fill ratio & cross-exchange execution correlation.,Targeted activation of Order cancel-to-fill ratio & cross-exchange execution correlation governs Systemic Algorithmic Market Liquidity.,Observed variations in Systemic Algorithmic Market Liquidity are driven by alternative metabolic or environmental feedback loops.,"Primary hypothesis partially supported, but an unexpected alternative pathway emerged.",Discovery of an unpredicted anomalous mechanism challenges prevailing domain models.
bm-financ-exp-008-4da0,dataset-genome-benchmark-v1.0,Finance,Expert,Positive Result,"Investigate Systemic Algorithmic Market Liquidity mechanisms in Finance (Expert complexity, Positive Result style).",High-frequency order book dynamics across interconnected financial exchanges.,High-precision measurements of Institutional high-frequency algorithmic liquidity providers demonstrate a statistically significant 3.8-fold shift in response.,Unclear causal pathway governing Systemic Algorithmic Market Liquidity under varying experimental conditions.,Lack of high-resolution quantitative tracking for Order cancel-to-fill ratio & cross-exchange execution correlation.,Targeted activation of Order cancel-to-fill ratio & cross-exchange execution correlation governs Systemic Algorithmic Market Liquidity.,Observed variations in Systemic Algorithmic Market Liquidity are driven by alternative metabolic or environmental feedback loops.,Primary hypothesis supported; key evaluation metrics show > 3.5-fold improvement.,Target mechanism confirmed as the primary driver of observed empirical phenomena.
bm-financ-eas-009-744e,dataset-genome-benchmark-v1.0,Finance,Easy,Negative Result,"Investigate Systemic Algorithmic Market Liquidity mechanisms in Finance (Easy complexity, Negative Result style).",High-frequency order book dynamics across interconnected financial exchanges.,Empirical testing revealed no significant shift in Institutional high-frequency algorithmic liquidity providers response under target treatment (p = 0.42).,Unclear causal pathway governing Systemic Algorithmic Market Liquidity under varying experimental conditions.,Lack of high-resolution quantitative tracking for Order cancel-to-fill ratio & cross-exchange execution correlation.,Targeted activation of Order cancel-to-fill ratio & cross-exchange execution correlation governs Systemic Algorithmic Market Liquidity.,Observed variations in Systemic Algorithmic Market Liquidity are driven by alternative metabolic or environmental feedback loops.,Primary hypothesis disproved; treatment effect remains within null control bounds (Delta < 0.05).,"Rigorous testing confirms a null relationship, refuting earlier uncalibrated models."
bm-financ-med-010-c881,dataset-genome-benchmark-v1.0,Finance,Medium,Ambiguous Result,"Investigate Systemic Algorithmic Market Liquidity mechanisms in Finance (Medium complexity, Ambiguous Result style).",High-frequency order book dynamics across interconnected financial exchanges.,"Assay results for Institutional high-frequency algorithmic liquidity providers yielded high variance across replicates (95% CI [-0.12, 0.48]).",Unclear causal pathway governing Systemic Algorithmic Market Liquidity under varying experimental conditions.,Lack of high-resolution quantitative tracking for Order cancel-to-fill ratio & cross-exchange execution correlation.,Targeted activation of Order cancel-to-fill ratio & cross-exchange execution correlation governs Systemic Algorithmic Market Liquidity.,Observed variations in Systemic Algorithmic Market Liquidity are driven by alternative metabolic or environmental feedback loops.,Inconclusive trend observed; secondary power analysis indicates need for 4x larger sample cohort.,"Evidence remains inconclusive, highlighting critical measurement noise and confounding factors."
bm-financ-har-011-7540,dataset-genome-benchmark-v1.0,Finance,Hard,Conflicting Literature,"Investigate Systemic Algorithmic Market Liquidity mechanisms in Finance (Hard complexity, Conflicting Literature style).",High-frequency order book dynamics across interconnected financial exchanges.,High-precision measurements of Institutional high-frequency algorithmic liquidity providers demonstrate a statistically significant 3.8-fold shift in response.,Unclear causal pathway governing Systemic Algorithmic Market Liquidity under varying experimental conditions.,Lack of high-resolution quantitative tracking for Order cancel-to-fill ratio & cross-exchange execution correlation.,Targeted activation of Order cancel-to-fill ratio & cross-exchange execution correlation governs Systemic Algorithmic Market Liquidity.,Observed variations in Systemic Algorithmic Market Liquidity are driven by alternative metabolic or environmental feedback loops.,Primary hypothesis supported; key evaluation metrics show > 3.5-fold improvement.,Target mechanism confirmed as the primary driver of observed empirical phenomena.
bm-financ-exp-012-60e6,dataset-genome-benchmark-v1.0,Finance,Expert,Failed Experiment,"Investigate Systemic Algorithmic Market Liquidity mechanisms in Finance (Expert complexity, Failed Experiment style).",High-frequency order book dynamics across interconnected financial exchanges.,Severe measurement artifact detected due to calibration drift during Systemic Algorithmic Market Liquidity assay execution.,Unclear causal pathway governing Systemic Algorithmic Market Liquidity under varying experimental conditions.,Lack of high-resolution quantitative tracking for Order cancel-to-fill ratio & cross-exchange execution correlation.,Targeted activation of Order cancel-to-fill ratio & cross-exchange execution correlation governs Systemic Algorithmic Market Liquidity.,Observed variations in Systemic Algorithmic Market Liquidity are driven by alternative metabolic or environmental feedback loops.,Experimental trial invalidated by thermal control breakdown at t=24h.,"Trial failed due to physical measurement artifacts, mandating revised experimental protocols."
bm-financ-eas-013-b31e,dataset-genome-benchmark-v1.0,Finance,Easy,Replication Study,"Investigate Systemic Algorithmic Market Liquidity mechanisms in Finance (Easy complexity, Replication Study style).",High-frequency order book dynamics across interconnected financial exchanges.,Replication trial evaluated original landmark findings for Systemic Algorithmic Market Liquidity in Institutional high-frequency algorithmic liquidity providers under revised controls.,Unclear causal pathway governing Systemic Algorithmic Market Liquidity under varying experimental conditions.,Lack of high-resolution quantitative tracking for Order cancel-to-fill ratio & cross-exchange execution correlation.,Targeted activation of Order cancel-to-fill ratio & cross-exchange execution correlation governs Systemic Algorithmic Market Liquidity.,Observed variations in Systemic Algorithmic Market Liquidity are driven by alternative metabolic or environmental feedback loops.,"Landmark effect reproduced with high fidelity (R² = 0.94, p < 0.001).",Replication confirms robust generalizability of the original scientific phenomenon.
bm-financ-med-014-bd62,dataset-genome-benchmark-v1.0,Finance,Medium,Unexpected Observation,"Investigate Systemic Algorithmic Market Liquidity mechanisms in Finance (Medium complexity, Unexpected Observation style).",High-frequency order book dynamics across interconnected financial exchanges.,Unpredicted secondary peak observed in Institutional high-frequency algorithmic liquidity providers transcriptomic expression during Systemic Algorithmic Market Liquidity exposure.,Unclear causal pathway governing Systemic Algorithmic Market Liquidity under varying experimental conditions.,Lack of high-resolution quantitative tracking for Order cancel-to-fill ratio & cross-exchange execution correlation.,Targeted activation of Order cancel-to-fill ratio & cross-exchange execution correlation governs Systemic Algorithmic Market Liquidity.,Observed variations in Systemic Algorithmic Market Liquidity are driven by alternative metabolic or environmental feedback loops.,"Primary hypothesis partially supported, but an unexpected alternative pathway emerged.",Discovery of an unpredicted anomalous mechanism challenges prevailing domain models.
bm-financ-har-015-cb46,dataset-genome-benchmark-v1.0,Finance,Hard,Positive Result,"Investigate Systemic Algorithmic Market Liquidity mechanisms in Finance (Hard complexity, Positive Result style).",High-frequency order book dynamics across interconnected financial exchanges.,High-precision measurements of Institutional high-frequency algorithmic liquidity providers demonstrate a statistically significant 3.8-fold shift in response.,Unclear causal pathway governing Systemic Algorithmic Market Liquidity under varying experimental conditions.,Lack of high-resolution quantitative tracking for Order cancel-to-fill ratio & cross-exchange execution correlation.,Targeted activation of Order cancel-to-fill ratio & cross-exchange execution correlation governs Systemic Algorithmic Market Liquidity.,Observed variations in Systemic Algorithmic Market Liquidity are driven by alternative metabolic or environmental feedback loops.,Primary hypothesis supported; key evaluation metrics show > 3.5-fold improvement.,Target mechanism confirmed as the primary driver of observed empirical phenomena.
bm-financ-exp-016-c6e7,dataset-genome-benchmark-v1.0,Finance,Expert,Negative Result,"Investigate Systemic Algorithmic Market Liquidity mechanisms in Finance (Expert complexity, Negative Result style).",High-frequency order book dynamics across interconnected financial exchanges.,Empirical testing revealed no significant shift in Institutional high-frequency algorithmic liquidity providers response under target treatment (p = 0.42).,Unclear causal pathway governing Systemic Algorithmic Market Liquidity under varying experimental conditions.,Lack of high-resolution quantitative tracking for Order cancel-to-fill ratio & cross-exchange execution correlation.,Targeted activation of Order cancel-to-fill ratio & cross-exchange execution correlation governs Systemic Algorithmic Market Liquidity.,Observed variations in Systemic Algorithmic Market Liquidity are driven by alternative metabolic or environmental feedback loops.,Primary hypothesis disproved; treatment effect remains within null control bounds (Delta < 0.05).,"Rigorous testing confirms a null relationship, refuting earlier uncalibrated models."
bm-financ-eas-017-2104,dataset-genome-benchmark-v1.0,Finance,Easy,Ambiguous Result,"Investigate Systemic Algorithmic Market Liquidity mechanisms in Finance (Easy complexity, Ambiguous Result style).",High-frequency order book dynamics across interconnected financial exchanges.,"Assay results for Institutional high-frequency algorithmic liquidity providers yielded high variance across replicates (95% CI [-0.12, 0.48]).",Unclear causal pathway governing Systemic Algorithmic Market Liquidity under varying experimental conditions.,Lack of high-resolution quantitative tracking for Order cancel-to-fill ratio & cross-exchange execution correlation.,Targeted activation of Order cancel-to-fill ratio & cross-exchange execution correlation governs Systemic Algorithmic Market Liquidity.,Observed variations in Systemic Algorithmic Market Liquidity are driven by alternative metabolic or environmental feedback loops.,Inconclusive trend observed; secondary power analysis indicates need for 4x larger sample cohort.,"Evidence remains inconclusive, highlighting critical measurement noise and confounding factors."
bm-financ-med-018-2ca8,dataset-genome-benchmark-v1.0,Finance,Medium,Conflicting Literature,"Investigate Systemic Algorithmic Market Liquidity mechanisms in Finance (Medium complexity, Conflicting Literature style).",High-frequency order book dynamics across interconnected financial exchanges.,High-precision measurements of Institutional high-frequency algorithmic liquidity providers demonstrate a statistically significant 3.8-fold shift in response.,Unclear causal pathway governing Systemic Algorithmic Market Liquidity under varying experimental conditions.,Lack of high-resolution quantitative tracking for Order cancel-to-fill ratio & cross-exchange execution correlation.,Targeted activation of Order cancel-to-fill ratio & cross-exchange execution correlation governs Systemic Algorithmic Market Liquidity.,Observed variations in Systemic Algorithmic Market Liquidity are driven by alternative metabolic or environmental feedback loops.,Primary hypothesis supported; key evaluation metrics show > 3.5-fold improvement.,Target mechanism confirmed as the primary driver of observed empirical phenomena.
bm-financ-har-019-9158,dataset-genome-benchmark-v1.0,Finance,Hard,Failed Experiment,"Investigate Systemic Algorithmic Market Liquidity mechanisms in Finance (Hard complexity, Failed Experiment style).",High-frequency order book dynamics across interconnected financial exchanges.,Severe measurement artifact detected due to calibration drift during Systemic Algorithmic Market Liquidity assay execution.,Unclear causal pathway governing Systemic Algorithmic Market Liquidity under varying experimental conditions.,Lack of high-resolution quantitative tracking for Order cancel-to-fill ratio & cross-exchange execution correlation.,Targeted activation of Order cancel-to-fill ratio & cross-exchange execution correlation governs Systemic Algorithmic Market Liquidity.,Observed variations in Systemic Algorithmic Market Liquidity are driven by alternative metabolic or environmental feedback loops.,Experimental trial invalidated by thermal control breakdown at t=24h.,"Trial failed due to physical measurement artifacts, mandating revised experimental protocols."
bm-financ-exp-020-b0ea,dataset-genome-benchmark-v1.0,Finance,Expert,Replication Study,"Investigate Systemic Algorithmic Market Liquidity mechanisms in Finance (Expert complexity, Replication Study style).",High-frequency order book dynamics across interconnected financial exchanges.,Replication trial evaluated original landmark findings for Systemic Algorithmic Market Liquidity in Institutional high-frequency algorithmic liquidity providers under revised controls.,Unclear causal pathway governing Systemic Algorithmic Market Liquidity under varying experimental conditions.,Lack of high-resolution quantitative tracking for Order cancel-to-fill ratio & cross-exchange execution correlation.,Targeted activation of Order cancel-to-fill ratio & cross-exchange execution correlation governs Systemic Algorithmic Market Liquidity.,Observed variations in Systemic Algorithmic Market Liquidity are driven by alternative metabolic or environmental feedback loops.,"Landmark effect reproduced with high fidelity (R² = 0.94, p < 0.001).",Replication confirms robust generalizability of the original scientific phenomenon.
bm-hr-eas-001-6897,dataset-genome-benchmark-v1.0,HR,Easy,Unexpected Observation,"Investigate Organizational Attrition Network Centrality mechanisms in HR (Easy complexity, Unexpected Observation style).",Enterprise internal communication graphs and project team interaction metadata.,Unpredicted secondary peak observed in Enterprise knowledge-worker workforce graph transcriptomic expression during Organizational Attrition Network Centrality exposure.,Unclear causal pathway governing Organizational Attrition Network Centrality under varying experimental conditions.,Lack of high-resolution quantitative tracking for Eigenvector centrality decay & social bridge connectivity.,Targeted activation of Eigenvector centrality decay & social bridge connectivity governs Organizational Attrition Network Centrality.,Observed variations in Organizational Attrition Network Centrality are driven by alternative metabolic or environmental feedback loops.,"Primary hypothesis partially supported, but an unexpected alternative pathway emerged.",Discovery of an unpredicted anomalous mechanism challenges prevailing domain models.
bm-hr-med-002-e910,dataset-genome-benchmark-v1.0,HR,Medium,Positive Result,"Investigate Organizational Attrition Network Centrality mechanisms in HR (Medium complexity, Positive Result style).",Enterprise internal communication graphs and project team interaction metadata.,High-precision measurements of Enterprise knowledge-worker workforce graph demonstrate a statistically significant 3.8-fold shift in response.,Unclear causal pathway governing Organizational Attrition Network Centrality under varying experimental conditions.,Lack of high-resolution quantitative tracking for Eigenvector centrality decay & social bridge connectivity.,Targeted activation of Eigenvector centrality decay & social bridge connectivity governs Organizational Attrition Network Centrality.,Observed variations in Organizational Attrition Network Centrality are driven by alternative metabolic or environmental feedback loops.,Primary hypothesis supported; key evaluation metrics show > 3.5-fold improvement.,Target mechanism confirmed as the primary driver of observed empirical phenomena.
bm-hr-har-003-a700,dataset-genome-benchmark-v1.0,HR,Hard,Negative Result,"Investigate Organizational Attrition Network Centrality mechanisms in HR (Hard complexity, Negative Result style).",Enterprise internal communication graphs and project team interaction metadata.,Empirical testing revealed no significant shift in Enterprise knowledge-worker workforce graph response under target treatment (p = 0.42).,Unclear causal pathway governing Organizational Attrition Network Centrality under varying experimental conditions.,Lack of high-resolution quantitative tracking for Eigenvector centrality decay & social bridge connectivity.,Targeted activation of Eigenvector centrality decay & social bridge connectivity governs Organizational Attrition Network Centrality.,Observed variations in Organizational Attrition Network Centrality are driven by alternative metabolic or environmental feedback loops.,Primary hypothesis disproved; treatment effect remains within null control bounds (Delta < 0.05).,"Rigorous testing confirms a null relationship, refuting earlier uncalibrated models."
bm-hr-exp-004-04e1,dataset-genome-benchmark-v1.0,HR,Expert,Ambiguous Result,"Investigate Organizational Attrition Network Centrality mechanisms in HR (Expert complexity, Ambiguous Result style).",Enterprise internal communication graphs and project team interaction metadata.,"Assay results for Enterprise knowledge-worker workforce graph yielded high variance across replicates (95% CI [-0.12, 0.48]).",Unclear causal pathway governing Organizational Attrition Network Centrality under varying experimental conditions.,Lack of high-resolution quantitative tracking for Eigenvector centrality decay & social bridge connectivity.,Targeted activation of Eigenvector centrality decay & social bridge connectivity governs Organizational Attrition Network Centrality.,Observed variations in Organizational Attrition Network Centrality are driven by alternative metabolic or environmental feedback loops.,Inconclusive trend observed; secondary power analysis indicates need for 4x larger sample cohort.,"Evidence remains inconclusive, highlighting critical measurement noise and confounding factors."
bm-hr-eas-005-3a21,dataset-genome-benchmark-v1.0,HR,Easy,Conflicting Literature,"Investigate Organizational Attrition Network Centrality mechanisms in HR (Easy complexity, Conflicting Literature style).",Enterprise internal communication graphs and project team interaction metadata.,High-precision measurements of Enterprise knowledge-worker workforce graph demonstrate a statistically significant 3.8-fold shift in response.,Unclear causal pathway governing Organizational Attrition Network Centrality under varying experimental conditions.,Lack of high-resolution quantitative tracking for Eigenvector centrality decay & social bridge connectivity.,Targeted activation of Eigenvector centrality decay & social bridge connectivity governs Organizational Attrition Network Centrality.,Observed variations in Organizational Attrition Network Centrality are driven by alternative metabolic or environmental feedback loops.,Primary hypothesis supported; key evaluation metrics show > 3.5-fold improvement.,Target mechanism confirmed as the primary driver of observed empirical phenomena.
bm-hr-med-006-ad21,dataset-genome-benchmark-v1.0,HR,Medium,Failed Experiment,"Investigate Organizational Attrition Network Centrality mechanisms in HR (Medium complexity, Failed Experiment style).",Enterprise internal communication graphs and project team interaction metadata.,Severe measurement artifact detected due to calibration drift during Organizational Attrition Network Centrality assay execution.,Unclear causal pathway governing Organizational Attrition Network Centrality under varying experimental conditions.,Lack of high-resolution quantitative tracking for Eigenvector centrality decay & social bridge connectivity.,Targeted activation of Eigenvector centrality decay & social bridge connectivity governs Organizational Attrition Network Centrality.,Observed variations in Organizational Attrition Network Centrality are driven by alternative metabolic or environmental feedback loops.,Experimental trial invalidated by thermal control breakdown at t=24h.,"Trial failed due to physical measurement artifacts, mandating revised experimental protocols."
bm-hr-har-007-6112,dataset-genome-benchmark-v1.0,HR,Hard,Replication Study,"Investigate Organizational Attrition Network Centrality mechanisms in HR (Hard complexity, Replication Study style).",Enterprise internal communication graphs and project team interaction metadata.,Replication trial evaluated original landmark findings for Organizational Attrition Network Centrality in Enterprise knowledge-worker workforce graph under revised controls.,Unclear causal pathway governing Organizational Attrition Network Centrality under varying experimental conditions.,Lack of high-resolution quantitative tracking for Eigenvector centrality decay & social bridge connectivity.,Targeted activation of Eigenvector centrality decay & social bridge connectivity governs Organizational Attrition Network Centrality.,Observed variations in Organizational Attrition Network Centrality are driven by alternative metabolic or environmental feedback loops.,"Landmark effect reproduced with high fidelity (R² = 0.94, p < 0.001).",Replication confirms robust generalizability of the original scientific phenomenon.
bm-hr-exp-008-904a,dataset-genome-benchmark-v1.0,HR,Expert,Unexpected Observation,"Investigate Organizational Attrition Network Centrality mechanisms in HR (Expert complexity, Unexpected Observation style).",Enterprise internal communication graphs and project team interaction metadata.,Unpredicted secondary peak observed in Enterprise knowledge-worker workforce graph transcriptomic expression during Organizational Attrition Network Centrality exposure.,Unclear causal pathway governing Organizational Attrition Network Centrality under varying experimental conditions.,Lack of high-resolution quantitative tracking for Eigenvector centrality decay & social bridge connectivity.,Targeted activation of Eigenvector centrality decay & social bridge connectivity governs Organizational Attrition Network Centrality.,Observed variations in Organizational Attrition Network Centrality are driven by alternative metabolic or environmental feedback loops.,"Primary hypothesis partially supported, but an unexpected alternative pathway emerged.",Discovery of an unpredicted anomalous mechanism challenges prevailing domain models.
bm-hr-eas-009-7139,dataset-genome-benchmark-v1.0,HR,Easy,Positive Result,"Investigate Organizational Attrition Network Centrality mechanisms in HR (Easy complexity, Positive Result style).",Enterprise internal communication graphs and project team interaction metadata.,High-precision measurements of Enterprise knowledge-worker workforce graph demonstrate a statistically significant 3.8-fold shift in response.,Unclear causal pathway governing Organizational Attrition Network Centrality under varying experimental conditions.,Lack of high-resolution quantitative tracking for Eigenvector centrality decay & social bridge connectivity.,Targeted activation of Eigenvector centrality decay & social bridge connectivity governs Organizational Attrition Network Centrality.,Observed variations in Organizational Attrition Network Centrality are driven by alternative metabolic or environmental feedback loops.,Primary hypothesis supported; key evaluation metrics show > 3.5-fold improvement.,Target mechanism confirmed as the primary driver of observed empirical phenomena.
bm-hr-med-010-d0d2,dataset-genome-benchmark-v1.0,HR,Medium,Negative Result,"Investigate Organizational Attrition Network Centrality mechanisms in HR (Medium complexity, Negative Result style).",Enterprise internal communication graphs and project team interaction metadata.,Empirical testing revealed no significant shift in Enterprise knowledge-worker workforce graph response under target treatment (p = 0.42).,Unclear causal pathway governing Organizational Attrition Network Centrality under varying experimental conditions.,Lack of high-resolution quantitative tracking for Eigenvector centrality decay & social bridge connectivity.,Targeted activation of Eigenvector centrality decay & social bridge connectivity governs Organizational Attrition Network Centrality.,Observed variations in Organizational Attrition Network Centrality are driven by alternative metabolic or environmental feedback loops.,Primary hypothesis disproved; treatment effect remains within null control bounds (Delta < 0.05).,"Rigorous testing confirms a null relationship, refuting earlier uncalibrated models."
bm-hr-har-011-fb19,dataset-genome-benchmark-v1.0,HR,Hard,Ambiguous Result,"Investigate Organizational Attrition Network Centrality mechanisms in HR (Hard complexity, Ambiguous Result style).",Enterprise internal communication graphs and project team interaction metadata.,"Assay results for Enterprise knowledge-worker workforce graph yielded high variance across replicates (95% CI [-0.12, 0.48]).",Unclear causal pathway governing Organizational Attrition Network Centrality under varying experimental conditions.,Lack of high-resolution quantitative tracking for Eigenvector centrality decay & social bridge connectivity.,Targeted activation of Eigenvector centrality decay & social bridge connectivity governs Organizational Attrition Network Centrality.,Observed variations in Organizational Attrition Network Centrality are driven by alternative metabolic or environmental feedback loops.,Inconclusive trend observed; secondary power analysis indicates need for 4x larger sample cohort.,"Evidence remains inconclusive, highlighting critical measurement noise and confounding factors."
bm-hr-exp-012-6f41,dataset-genome-benchmark-v1.0,HR,Expert,Conflicting Literature,"Investigate Organizational Attrition Network Centrality mechanisms in HR (Expert complexity, Conflicting Literature style).",Enterprise internal communication graphs and project team interaction metadata.,High-precision measurements of Enterprise knowledge-worker workforce graph demonstrate a statistically significant 3.8-fold shift in response.,Unclear causal pathway governing Organizational Attrition Network Centrality under varying experimental conditions.,Lack of high-resolution quantitative tracking for Eigenvector centrality decay & social bridge connectivity.,Targeted activation of Eigenvector centrality decay & social bridge connectivity governs Organizational Attrition Network Centrality.,Observed variations in Organizational Attrition Network Centrality are driven by alternative metabolic or environmental feedback loops.,Primary hypothesis supported; key evaluation metrics show > 3.5-fold improvement.,Target mechanism confirmed as the primary driver of observed empirical phenomena.
bm-hr-eas-013-e8dc,dataset-genome-benchmark-v1.0,HR,Easy,Failed Experiment,"Investigate Organizational Attrition Network Centrality mechanisms in HR (Easy complexity, Failed Experiment style).",Enterprise internal communication graphs and project team interaction metadata.,Severe measurement artifact detected due to calibration drift during Organizational Attrition Network Centrality assay execution.,Unclear causal pathway governing Organizational Attrition Network Centrality under varying experimental conditions.,Lack of high-resolution quantitative tracking for Eigenvector centrality decay & social bridge connectivity.,Targeted activation of Eigenvector centrality decay & social bridge connectivity governs Organizational Attrition Network Centrality.,Observed variations in Organizational Attrition Network Centrality are driven by alternative metabolic or environmental feedback loops.,Experimental trial invalidated by thermal control breakdown at t=24h.,"Trial failed due to physical measurement artifacts, mandating revised experimental protocols."
bm-hr-med-014-3a44,dataset-genome-benchmark-v1.0,HR,Medium,Replication Study,"Investigate Organizational Attrition Network Centrality mechanisms in HR (Medium complexity, Replication Study style).",Enterprise internal communication graphs and project team interaction metadata.,Replication trial evaluated original landmark findings for Organizational Attrition Network Centrality in Enterprise knowledge-worker workforce graph under revised controls.,Unclear causal pathway governing Organizational Attrition Network Centrality under varying experimental conditions.,Lack of high-resolution quantitative tracking for Eigenvector centrality decay & social bridge connectivity.,Targeted activation of Eigenvector centrality decay & social bridge connectivity governs Organizational Attrition Network Centrality.,Observed variations in Organizational Attrition Network Centrality are driven by alternative metabolic or environmental feedback loops.,"Landmark effect reproduced with high fidelity (R² = 0.94, p < 0.001).",Replication confirms robust generalizability of the original scientific phenomenon.
bm-hr-har-015-868a,dataset-genome-benchmark-v1.0,HR,Hard,Unexpected Observation,"Investigate Organizational Attrition Network Centrality mechanisms in HR (Hard complexity, Unexpected Observation style).",Enterprise internal communication graphs and project team interaction metadata.,Unpredicted secondary peak observed in Enterprise knowledge-worker workforce graph transcriptomic expression during Organizational Attrition Network Centrality exposure.,Unclear causal pathway governing Organizational Attrition Network Centrality under varying experimental conditions.,Lack of high-resolution quantitative tracking for Eigenvector centrality decay & social bridge connectivity.,Targeted activation of Eigenvector centrality decay & social bridge connectivity governs Organizational Attrition Network Centrality.,Observed variations in Organizational Attrition Network Centrality are driven by alternative metabolic or environmental feedback loops.,"Primary hypothesis partially supported, but an unexpected alternative pathway emerged.",Discovery of an unpredicted anomalous mechanism challenges prevailing domain models.
bm-hr-exp-016-ee2b,dataset-genome-benchmark-v1.0,HR,Expert,Positive Result,"Investigate Organizational Attrition Network Centrality mechanisms in HR (Expert complexity, Positive Result style).",Enterprise internal communication graphs and project team interaction metadata.,High-precision measurements of Enterprise knowledge-worker workforce graph demonstrate a statistically significant 3.8-fold shift in response.,Unclear causal pathway governing Organizational Attrition Network Centrality under varying experimental conditions.,Lack of high-resolution quantitative tracking for Eigenvector centrality decay & social bridge connectivity.,Targeted activation of Eigenvector centrality decay & social bridge connectivity governs Organizational Attrition Network Centrality.,Observed variations in Organizational Attrition Network Centrality are driven by alternative metabolic or environmental feedback loops.,Primary hypothesis supported; key evaluation metrics show > 3.5-fold improvement.,Target mechanism confirmed as the primary driver of observed empirical phenomena.
bm-hr-eas-017-f52e,dataset-genome-benchmark-v1.0,HR,Easy,Negative Result,"Investigate Organizational Attrition Network Centrality mechanisms in HR (Easy complexity, Negative Result style).",Enterprise internal communication graphs and project team interaction metadata.,Empirical testing revealed no significant shift in Enterprise knowledge-worker workforce graph response under target treatment (p = 0.42).,Unclear causal pathway governing Organizational Attrition Network Centrality under varying experimental conditions.,Lack of high-resolution quantitative tracking for Eigenvector centrality decay & social bridge connectivity.,Targeted activation of Eigenvector centrality decay & social bridge connectivity governs Organizational Attrition Network Centrality.,Observed variations in Organizational Attrition Network Centrality are driven by alternative metabolic or environmental feedback loops.,Primary hypothesis disproved; treatment effect remains within null control bounds (Delta < 0.05).,"Rigorous testing confirms a null relationship, refuting earlier uncalibrated models."
bm-hr-med-018-31e4,dataset-genome-benchmark-v1.0,HR,Medium,Ambiguous Result,"Investigate Organizational Attrition Network Centrality mechanisms in HR (Medium complexity, Ambiguous Result style).",Enterprise internal communication graphs and project team interaction metadata.,"Assay results for Enterprise knowledge-worker workforce graph yielded high variance across replicates (95% CI [-0.12, 0.48]).",Unclear causal pathway governing Organizational Attrition Network Centrality under varying experimental conditions.,Lack of high-resolution quantitative tracking for Eigenvector centrality decay & social bridge connectivity.,Targeted activation of Eigenvector centrality decay & social bridge connectivity governs Organizational Attrition Network Centrality.,Observed variations in Organizational Attrition Network Centrality are driven by alternative metabolic or environmental feedback loops.,Inconclusive trend observed; secondary power analysis indicates need for 4x larger sample cohort.,"Evidence remains inconclusive, highlighting critical measurement noise and confounding factors."
bm-hr-har-019-98ec,dataset-genome-benchmark-v1.0,HR,Hard,Conflicting Literature,"Investigate Organizational Attrition Network Centrality mechanisms in HR (Hard complexity, Conflicting Literature style).",Enterprise internal communication graphs and project team interaction metadata.,High-precision measurements of Enterprise knowledge-worker workforce graph demonstrate a statistically significant 3.8-fold shift in response.,Unclear causal pathway governing Organizational Attrition Network Centrality under varying experimental conditions.,Lack of high-resolution quantitative tracking for Eigenvector centrality decay & social bridge connectivity.,Targeted activation of Eigenvector centrality decay & social bridge connectivity governs Organizational Attrition Network Centrality.,Observed variations in Organizational Attrition Network Centrality are driven by alternative metabolic or environmental feedback loops.,Primary hypothesis supported; key evaluation metrics show > 3.5-fold improvement.,Target mechanism confirmed as the primary driver of observed empirical phenomena.
bm-hr-exp-020-c22e,dataset-genome-benchmark-v1.0,HR,Expert,Failed Experiment,"Investigate Organizational Attrition Network Centrality mechanisms in HR (Expert complexity, Failed Experiment style).",Enterprise internal communication graphs and project team interaction metadata.,Severe measurement artifact detected due to calibration drift during Organizational Attrition Network Centrality assay execution.,Unclear causal pathway governing Organizational Attrition Network Centrality under varying experimental conditions.,Lack of high-resolution quantitative tracking for Eigenvector centrality decay & social bridge connectivity.,Targeted activation of Eigenvector centrality decay & social bridge connectivity governs Organizational Attrition Network Centrality.,Observed variations in Organizational Attrition Network Centrality are driven by alternative metabolic or environmental feedback loops.,Experimental trial invalidated by thermal control breakdown at t=24h.,"Trial failed due to physical measurement artifacts, mandating revised experimental protocols."
bm-market-eas-001-c998,dataset-genome-benchmark-v1.0,Market Analysis,Easy,Replication Study,"Investigate Consumer Adoption Under Macro-Inflation mechanisms in Market Analysis (Easy complexity, Replication Study style).",Retail point-of-sale scanner data and macroeconomic consumer confidence indices.,Replication trial evaluated original landmark findings for Consumer Adoption Under Macro-Inflation in Multi-category retail consumer purchasing cohorts under revised controls.,Unclear causal pathway governing Consumer Adoption Under Macro-Inflation under varying experimental conditions.,Lack of high-resolution quantitative tracking for Hardware subscription migration rate & price elasticity coefficient.,Targeted activation of Hardware subscription migration rate & price elasticity coefficient governs Consumer Adoption Under Macro-Inflation.,Observed variations in Consumer Adoption Under Macro-Inflation are driven by alternative metabolic or environmental feedback loops.,"Landmark effect reproduced with high fidelity (R² = 0.94, p < 0.001).",Replication confirms robust generalizability of the original scientific phenomenon.
bm-market-med-002-fb49,dataset-genome-benchmark-v1.0,Market Analysis,Medium,Unexpected Observation,"Investigate Consumer Adoption Under Macro-Inflation mechanisms in Market Analysis (Medium complexity, Unexpected Observation style).",Retail point-of-sale scanner data and macroeconomic consumer confidence indices.,Unpredicted secondary peak observed in Multi-category retail consumer purchasing cohorts transcriptomic expression during Consumer Adoption Under Macro-Inflation exposure.,Unclear causal pathway governing Consumer Adoption Under Macro-Inflation under varying experimental conditions.,Lack of high-resolution quantitative tracking for Hardware subscription migration rate & price elasticity coefficient.,Targeted activation of Hardware subscription migration rate & price elasticity coefficient governs Consumer Adoption Under Macro-Inflation.,Observed variations in Consumer Adoption Under Macro-Inflation are driven by alternative metabolic or environmental feedback loops.,"Primary hypothesis partially supported, but an unexpected alternative pathway emerged.",Discovery of an unpredicted anomalous mechanism challenges prevailing domain models.
bm-market-har-003-225a,dataset-genome-benchmark-v1.0,Market Analysis,Hard,Positive Result,"Investigate Consumer Adoption Under Macro-Inflation mechanisms in Market Analysis (Hard complexity, Positive Result style).",Retail point-of-sale scanner data and macroeconomic consumer confidence indices.,High-precision measurements of Multi-category retail consumer purchasing cohorts demonstrate a statistically significant 3.8-fold shift in response.,Unclear causal pathway governing Consumer Adoption Under Macro-Inflation under varying experimental conditions.,Lack of high-resolution quantitative tracking for Hardware subscription migration rate & price elasticity coefficient.,Targeted activation of Hardware subscription migration rate & price elasticity coefficient governs Consumer Adoption Under Macro-Inflation.,Observed variations in Consumer Adoption Under Macro-Inflation are driven by alternative metabolic or environmental feedback loops.,Primary hypothesis supported; key evaluation metrics show > 3.5-fold improvement.,Target mechanism confirmed as the primary driver of observed empirical phenomena.
bm-market-exp-004-6a50,dataset-genome-benchmark-v1.0,Market Analysis,Expert,Negative Result,"Investigate Consumer Adoption Under Macro-Inflation mechanisms in Market Analysis (Expert complexity, Negative Result style).",Retail point-of-sale scanner data and macroeconomic consumer confidence indices.,Empirical testing revealed no significant shift in Multi-category retail consumer purchasing cohorts response under target treatment (p = 0.42).,Unclear causal pathway governing Consumer Adoption Under Macro-Inflation under varying experimental conditions.,Lack of high-resolution quantitative tracking for Hardware subscription migration rate & price elasticity coefficient.,Targeted activation of Hardware subscription migration rate & price elasticity coefficient governs Consumer Adoption Under Macro-Inflation.,Observed variations in Consumer Adoption Under Macro-Inflation are driven by alternative metabolic or environmental feedback loops.,Primary hypothesis disproved; treatment effect remains within null control bounds (Delta < 0.05).,"Rigorous testing confirms a null relationship, refuting earlier uncalibrated models."
bm-market-eas-005-cd58,dataset-genome-benchmark-v1.0,Market Analysis,Easy,Ambiguous Result,"Investigate Consumer Adoption Under Macro-Inflation mechanisms in Market Analysis (Easy complexity, Ambiguous Result style).",Retail point-of-sale scanner data and macroeconomic consumer confidence indices.,"Assay results for Multi-category retail consumer purchasing cohorts yielded high variance across replicates (95% CI [-0.12, 0.48]).",Unclear causal pathway governing Consumer Adoption Under Macro-Inflation under varying experimental conditions.,Lack of high-resolution quantitative tracking for Hardware subscription migration rate & price elasticity coefficient.,Targeted activation of Hardware subscription migration rate & price elasticity coefficient governs Consumer Adoption Under Macro-Inflation.,Observed variations in Consumer Adoption Under Macro-Inflation are driven by alternative metabolic or environmental feedback loops.,Inconclusive trend observed; secondary power analysis indicates need for 4x larger sample cohort.,"Evidence remains inconclusive, highlighting critical measurement noise and confounding factors."
bm-market-med-006-e623,dataset-genome-benchmark-v1.0,Market Analysis,Medium,Conflicting Literature,"Investigate Consumer Adoption Under Macro-Inflation mechanisms in Market Analysis (Medium complexity, Conflicting Literature style).",Retail point-of-sale scanner data and macroeconomic consumer confidence indices.,High-precision measurements of Multi-category retail consumer purchasing cohorts demonstrate a statistically significant 3.8-fold shift in response.,Unclear causal pathway governing Consumer Adoption Under Macro-Inflation under varying experimental conditions.,Lack of high-resolution quantitative tracking for Hardware subscription migration rate & price elasticity coefficient.,Targeted activation of Hardware subscription migration rate & price elasticity coefficient governs Consumer Adoption Under Macro-Inflation.,Observed variations in Consumer Adoption Under Macro-Inflation are driven by alternative metabolic or environmental feedback loops.,Primary hypothesis supported; key evaluation metrics show > 3.5-fold improvement.,Target mechanism confirmed as the primary driver of observed empirical phenomena.
bm-market-har-007-7120,dataset-genome-benchmark-v1.0,Market Analysis,Hard,Failed Experiment,"Investigate Consumer Adoption Under Macro-Inflation mechanisms in Market Analysis (Hard complexity, Failed Experiment style).",Retail point-of-sale scanner data and macroeconomic consumer confidence indices.,Severe measurement artifact detected due to calibration drift during Consumer Adoption Under Macro-Inflation assay execution.,Unclear causal pathway governing Consumer Adoption Under Macro-Inflation under varying experimental conditions.,Lack of high-resolution quantitative tracking for Hardware subscription migration rate & price elasticity coefficient.,Targeted activation of Hardware subscription migration rate & price elasticity coefficient governs Consumer Adoption Under Macro-Inflation.,Observed variations in Consumer Adoption Under Macro-Inflation are driven by alternative metabolic or environmental feedback loops.,Experimental trial invalidated by thermal control breakdown at t=24h.,"Trial failed due to physical measurement artifacts, mandating revised experimental protocols."
bm-market-exp-008-e509,dataset-genome-benchmark-v1.0,Market Analysis,Expert,Replication Study,"Investigate Consumer Adoption Under Macro-Inflation mechanisms in Market Analysis (Expert complexity, Replication Study style).",Retail point-of-sale scanner data and macroeconomic consumer confidence indices.,Replication trial evaluated original landmark findings for Consumer Adoption Under Macro-Inflation in Multi-category retail consumer purchasing cohorts under revised controls.,Unclear causal pathway governing Consumer Adoption Under Macro-Inflation under varying experimental conditions.,Lack of high-resolution quantitative tracking for Hardware subscription migration rate & price elasticity coefficient.,Targeted activation of Hardware subscription migration rate & price elasticity coefficient governs Consumer Adoption Under Macro-Inflation.,Observed variations in Consumer Adoption Under Macro-Inflation are driven by alternative metabolic or environmental feedback loops.,"Landmark effect reproduced with high fidelity (R² = 0.94, p < 0.001).",Replication confirms robust generalizability of the original scientific phenomenon.
bm-market-eas-009-62c2,dataset-genome-benchmark-v1.0,Market Analysis,Easy,Unexpected Observation,"Investigate Consumer Adoption Under Macro-Inflation mechanisms in Market Analysis (Easy complexity, Unexpected Observation style).",Retail point-of-sale scanner data and macroeconomic consumer confidence indices.,Unpredicted secondary peak observed in Multi-category retail consumer purchasing cohorts transcriptomic expression during Consumer Adoption Under Macro-Inflation exposure.,Unclear causal pathway governing Consumer Adoption Under Macro-Inflation under varying experimental conditions.,Lack of high-resolution quantitative tracking for Hardware subscription migration rate & price elasticity coefficient.,Targeted activation of Hardware subscription migration rate & price elasticity coefficient governs Consumer Adoption Under Macro-Inflation.,Observed variations in Consumer Adoption Under Macro-Inflation are driven by alternative metabolic or environmental feedback loops.,"Primary hypothesis partially supported, but an unexpected alternative pathway emerged.",Discovery of an unpredicted anomalous mechanism challenges prevailing domain models.
bm-market-med-010-af6c,dataset-genome-benchmark-v1.0,Market Analysis,Medium,Positive Result,"Investigate Consumer Adoption Under Macro-Inflation mechanisms in Market Analysis (Medium complexity, Positive Result style).",Retail point-of-sale scanner data and macroeconomic consumer confidence indices.,High-precision measurements of Multi-category retail consumer purchasing cohorts demonstrate a statistically significant 3.8-fold shift in response.,Unclear causal pathway governing Consumer Adoption Under Macro-Inflation under varying experimental conditions.,Lack of high-resolution quantitative tracking for Hardware subscription migration rate & price elasticity coefficient.,Targeted activation of Hardware subscription migration rate & price elasticity coefficient governs Consumer Adoption Under Macro-Inflation.,Observed variations in Consumer Adoption Under Macro-Inflation are driven by alternative metabolic or environmental feedback loops.,Primary hypothesis supported; key evaluation metrics show > 3.5-fold improvement.,Target mechanism confirmed as the primary driver of observed empirical phenomena.
bm-market-har-011-cb14,dataset-genome-benchmark-v1.0,Market Analysis,Hard,Negative Result,"Investigate Consumer Adoption Under Macro-Inflation mechanisms in Market Analysis (Hard complexity, Negative Result style).",Retail point-of-sale scanner data and macroeconomic consumer confidence indices.,Empirical testing revealed no significant shift in Multi-category retail consumer purchasing cohorts response under target treatment (p = 0.42).,Unclear causal pathway governing Consumer Adoption Under Macro-Inflation under varying experimental conditions.,Lack of high-resolution quantitative tracking for Hardware subscription migration rate & price elasticity coefficient.,Targeted activation of Hardware subscription migration rate & price elasticity coefficient governs Consumer Adoption Under Macro-Inflation.,Observed variations in Consumer Adoption Under Macro-Inflation are driven by alternative metabolic or environmental feedback loops.,Primary hypothesis disproved; treatment effect remains within null control bounds (Delta < 0.05).,"Rigorous testing confirms a null relationship, refuting earlier uncalibrated models."
bm-market-exp-012-0156,dataset-genome-benchmark-v1.0,Market Analysis,Expert,Ambiguous Result,"Investigate Consumer Adoption Under Macro-Inflation mechanisms in Market Analysis (Expert complexity, Ambiguous Result style).",Retail point-of-sale scanner data and macroeconomic consumer confidence indices.,"Assay results for Multi-category retail consumer purchasing cohorts yielded high variance across replicates (95% CI [-0.12, 0.48]).",Unclear causal pathway governing Consumer Adoption Under Macro-Inflation under varying experimental conditions.,Lack of high-resolution quantitative tracking for Hardware subscription migration rate & price elasticity coefficient.,Targeted activation of Hardware subscription migration rate & price elasticity coefficient governs Consumer Adoption Under Macro-Inflation.,Observed variations in Consumer Adoption Under Macro-Inflation are driven by alternative metabolic or environmental feedback loops.,Inconclusive trend observed; secondary power analysis indicates need for 4x larger sample cohort.,"Evidence remains inconclusive, highlighting critical measurement noise and confounding factors."
bm-market-eas-013-d650,dataset-genome-benchmark-v1.0,Market Analysis,Easy,Conflicting Literature,"Investigate Consumer Adoption Under Macro-Inflation mechanisms in Market Analysis (Easy complexity, Conflicting Literature style).",Retail point-of-sale scanner data and macroeconomic consumer confidence indices.,High-precision measurements of Multi-category retail consumer purchasing cohorts demonstrate a statistically significant 3.8-fold shift in response.,Unclear causal pathway governing Consumer Adoption Under Macro-Inflation under varying experimental conditions.,Lack of high-resolution quantitative tracking for Hardware subscription migration rate & price elasticity coefficient.,Targeted activation of Hardware subscription migration rate & price elasticity coefficient governs Consumer Adoption Under Macro-Inflation.,Observed variations in Consumer Adoption Under Macro-Inflation are driven by alternative metabolic or environmental feedback loops.,Primary hypothesis supported; key evaluation metrics show > 3.5-fold improvement.,Target mechanism confirmed as the primary driver of observed empirical phenomena.
bm-market-med-014-619d,dataset-genome-benchmark-v1.0,Market Analysis,Medium,Failed Experiment,"Investigate Consumer Adoption Under Macro-Inflation mechanisms in Market Analysis (Medium complexity, Failed Experiment style).",Retail point-of-sale scanner data and macroeconomic consumer confidence indices.,Severe measurement artifact detected due to calibration drift during Consumer Adoption Under Macro-Inflation assay execution.,Unclear causal pathway governing Consumer Adoption Under Macro-Inflation under varying experimental conditions.,Lack of high-resolution quantitative tracking for Hardware subscription migration rate & price elasticity coefficient.,Targeted activation of Hardware subscription migration rate & price elasticity coefficient governs Consumer Adoption Under Macro-Inflation.,Observed variations in Consumer Adoption Under Macro-Inflation are driven by alternative metabolic or environmental feedback loops.,Experimental trial invalidated by thermal control breakdown at t=24h.,"Trial failed due to physical measurement artifacts, mandating revised experimental protocols."
bm-market-har-015-288f,dataset-genome-benchmark-v1.0,Market Analysis,Hard,Replication Study,"Investigate Consumer Adoption Under Macro-Inflation mechanisms in Market Analysis (Hard complexity, Replication Study style).",Retail point-of-sale scanner data and macroeconomic consumer confidence indices.,Replication trial evaluated original landmark findings for Consumer Adoption Under Macro-Inflation in Multi-category retail consumer purchasing cohorts under revised controls.,Unclear causal pathway governing Consumer Adoption Under Macro-Inflation under varying experimental conditions.,Lack of high-resolution quantitative tracking for Hardware subscription migration rate & price elasticity coefficient.,Targeted activation of Hardware subscription migration rate & price elasticity coefficient governs Consumer Adoption Under Macro-Inflation.,Observed variations in Consumer Adoption Under Macro-Inflation are driven by alternative metabolic or environmental feedback loops.,"Landmark effect reproduced with high fidelity (R² = 0.94, p < 0.001).",Replication confirms robust generalizability of the original scientific phenomenon.
bm-market-exp-016-6222,dataset-genome-benchmark-v1.0,Market Analysis,Expert,Unexpected Observation,"Investigate Consumer Adoption Under Macro-Inflation mechanisms in Market Analysis (Expert complexity, Unexpected Observation style).",Retail point-of-sale scanner data and macroeconomic consumer confidence indices.,Unpredicted secondary peak observed in Multi-category retail consumer purchasing cohorts transcriptomic expression during Consumer Adoption Under Macro-Inflation exposure.,Unclear causal pathway governing Consumer Adoption Under Macro-Inflation under varying experimental conditions.,Lack of high-resolution quantitative tracking for Hardware subscription migration rate & price elasticity coefficient.,Targeted activation of Hardware subscription migration rate & price elasticity coefficient governs Consumer Adoption Under Macro-Inflation.,Observed variations in Consumer Adoption Under Macro-Inflation are driven by alternative metabolic or environmental feedback loops.,"Primary hypothesis partially supported, but an unexpected alternative pathway emerged.",Discovery of an unpredicted anomalous mechanism challenges prevailing domain models.
bm-market-eas-017-99fd,dataset-genome-benchmark-v1.0,Market Analysis,Easy,Positive Result,"Investigate Consumer Adoption Under Macro-Inflation mechanisms in Market Analysis (Easy complexity, Positive Result style).",Retail point-of-sale scanner data and macroeconomic consumer confidence indices.,High-precision measurements of Multi-category retail consumer purchasing cohorts demonstrate a statistically significant 3.8-fold shift in response.,Unclear causal pathway governing Consumer Adoption Under Macro-Inflation under varying experimental conditions.,Lack of high-resolution quantitative tracking for Hardware subscription migration rate & price elasticity coefficient.,Targeted activation of Hardware subscription migration rate & price elasticity coefficient governs Consumer Adoption Under Macro-Inflation.,Observed variations in Consumer Adoption Under Macro-Inflation are driven by alternative metabolic or environmental feedback loops.,Primary hypothesis supported; key evaluation metrics show > 3.5-fold improvement.,Target mechanism confirmed as the primary driver of observed empirical phenomena.
bm-market-med-018-0ecd,dataset-genome-benchmark-v1.0,Market Analysis,Medium,Negative Result,"Investigate Consumer Adoption Under Macro-Inflation mechanisms in Market Analysis (Medium complexity, Negative Result style).",Retail point-of-sale scanner data and macroeconomic consumer confidence indices.,Empirical testing revealed no significant shift in Multi-category retail consumer purchasing cohorts response under target treatment (p = 0.42).,Unclear causal pathway governing Consumer Adoption Under Macro-Inflation under varying experimental conditions.,Lack of high-resolution quantitative tracking for Hardware subscription migration rate & price elasticity coefficient.,Targeted activation of Hardware subscription migration rate & price elasticity coefficient governs Consumer Adoption Under Macro-Inflation.,Observed variations in Consumer Adoption Under Macro-Inflation are driven by alternative metabolic or environmental feedback loops.,Primary hypothesis disproved; treatment effect remains within null control bounds (Delta < 0.05).,"Rigorous testing confirms a null relationship, refuting earlier uncalibrated models."
bm-market-har-019-2296,dataset-genome-benchmark-v1.0,Market Analysis,Hard,Ambiguous Result,"Investigate Consumer Adoption Under Macro-Inflation mechanisms in Market Analysis (Hard complexity, Ambiguous Result style).",Retail point-of-sale scanner data and macroeconomic consumer confidence indices.,"Assay results for Multi-category retail consumer purchasing cohorts yielded high variance across replicates (95% CI [-0.12, 0.48]).",Unclear causal pathway governing Consumer Adoption Under Macro-Inflation under varying experimental conditions.,Lack of high-resolution quantitative tracking for Hardware subscription migration rate & price elasticity coefficient.,Targeted activation of Hardware subscription migration rate & price elasticity coefficient governs Consumer Adoption Under Macro-Inflation.,Observed variations in Consumer Adoption Under Macro-Inflation are driven by alternative metabolic or environmental feedback loops.,Inconclusive trend observed; secondary power analysis indicates need for 4x larger sample cohort.,"Evidence remains inconclusive, highlighting critical measurement noise and confounding factors."
bm-market-exp-020-2f37,dataset-genome-benchmark-v1.0,Market Analysis,Expert,Conflicting Literature,"Investigate Consumer Adoption Under Macro-Inflation mechanisms in Market Analysis (Expert complexity, Conflicting Literature style).",Retail point-of-sale scanner data and macroeconomic consumer confidence indices.,High-precision measurements of Multi-category retail consumer purchasing cohorts demonstrate a statistically significant 3.8-fold shift in response.,Unclear causal pathway governing Consumer Adoption Under Macro-Inflation under varying experimental conditions.,Lack of high-resolution quantitative tracking for Hardware subscription migration rate & price elasticity coefficient.,Targeted activation of Hardware subscription migration rate & price elasticity coefficient governs Consumer Adoption Under Macro-Inflation.,Observed variations in Consumer Adoption Under Macro-Inflation are driven by alternative metabolic or environmental feedback loops.,Primary hypothesis supported; key evaluation metrics show > 3.5-fold improvement.,Target mechanism confirmed as the primary driver of observed empirical phenomena.
